strand_id,domain_id,hex_q,hex_r,hex_shell,x_mm,y_mm,radius_mm,area_m2,I_real_rms_A,I_imag_rms_A,loss_W_per_m
1,167,0,0,0,0.00000000000,0.00000000000,0.00000000000,1.53936979811946e-08,0.000268457296044925,-0.000483809972042136,3.43246609631056e-07
2,146,-1,0,1,-0.150000000000,0.00000000000,0.150000000000,1.53936979811945e-08,0.000453870735019464,-0.000355559694795860,3.85344658462502e-07
3,157,-1,1,1,-0.0750000000000,0.129903810568,0.150000000000,1.53936979811946e-08,0.000453873337792300,-0.000355559636239964,3.85347392467264e-07
4,156,0,-1,1,-0.0750000000000,-0.129903810568,0.150000000000,1.53936979811946e-08,0.000453868395540340,-0.000355559315034247,3.85341841480049e-07
5,178,0,1,1,0.0750000000000,0.129903810568,0.150000000000,1.53936979811946e-08,0.000453873316891938,-0.000355559587907344,3.85347357674790e-07
6,177,1,-1,1,0.0750000000000,-0.129903810568,0.150000000000,1.53936979811946e-08,0.000453868212861538,-0.000355559320270399,3.85341655733079e-07
7,188,1,0,1,0.150000000000,0.00000000000,0.150000000000,1.53936979811945e-08,0.000453870465429112,-0.000355559793098517,3.85344434442973e-07
8,125,-2,0,2,-0.300000000000,0.00000000000,0.300000000000,1.53936979811946e-08,0.000830746665355156,0.000238139471973483,9.00367072844201e-07
9,136,-2,1,2,-0.225000000000,0.129903810568,0.259807621135,1.53936979811946e-08,0.000736073078518376,6.58794329435333e-06,6.49063565063693e-07
10,147,-2,2,2,-0.150000000000,0.259807621135,0.300000000000,1.53936979811946e-08,0.000830751798335741,0.000238143204862452,9.00379355401095e-07
11,135,-1,-1,2,-0.225000000000,-0.129903810568,0.259807621135,1.53936979811946e-08,0.000736068237638049,6.58695223886549e-06,6.49055196153998e-07
12,168,-1,2,2,0.00000000000,0.259807621135,0.259807621135,1.53936979811946e-08,0.000736075814305605,6.59020963130830e-06,6.49068563719733e-07
13,145,0,-2,2,-0.150000000000,-0.259807621135,0.300000000000,1.53936979811946e-08,0.000830742302704473,0.000238137841132466,9.00357483188874e-07
14,189,0,2,2,0.150000000000,0.259807621135,0.300000000000,1.53936979811945e-08,0.000830751828437297,0.000238143515809155,9.00379667964503e-07
15,166,1,-2,2,0.00000000000,-0.259807621135,0.259807621135,1.53936979811946e-08,0.000736065926159539,6.58618267143982e-06,6.49051093726952e-07
16,199,1,1,2,0.225000000000,0.129903810568,0.259807621135,1.53936979811946e-08,0.000736072949629800,6.58776225940955e-06,6.49063385594839e-07
17,187,2,-2,2,0.150000000000,-0.259807621135,0.300000000000,1.53936979811946e-08,0.000830741876511289,0.000238137549512476,9.00356519469092e-07
18,198,2,-1,2,0.225000000000,-0.129903810568,0.259807621135,1.53936979811946e-08,0.000736067694201724,6.58641675767271e-06,6.49054206241867e-07
19,209,2,0,2,0.300000000000,0.00000000000,0.300000000000,1.53936979811946e-08,0.000830746206117687,0.000238138782075039,9.00365737760294e-07
20,104,-3,0,3,-0.450000000000,0.00000000000,0.450000000000,1.53936979811945e-08,0.000625160551706236,0.00167150788721090,3.84292371730997e-06
21,115,-3,1,3,-0.375000000000,0.129903810568,0.396862696660,1.53936979811945e-08,0.000827055983432576,0.00103177800682363,2.10917293426451e-06
22,126,-3,2,3,-0.300000000000,0.259807621135,0.396862696660,1.53936979811946e-08,0.000827058163159376,0.00103178179643151,2.10918669860538e-06
23,137,-3,3,3,-0.225000000000,0.389711431703,0.450000000000,1.53936979811946e-08,0.000625162881597628,0.00167152165251135,3.84298233100342e-06
24,114,-2,-1,3,-0.375000000000,-0.129903810568,0.396862696660,1.53936979811946e-08,0.000827052447773132,0.00103177464135653,2.10915794738309e-06
25,158,-2,3,3,-0.0750000000000,0.389711431703,0.396862696660,1.53936979811946e-08,0.000827058416255202,0.00103178770808852,2.10920201576029e-06
26,124,-1,-2,3,-0.300000000000,-0.259807621135,0.396862696660,1.53936979811946e-08,0.000827050517667255,0.00103177272846484,2.10914920991553e-06
27,179,-1,3,3,0.0750000000000,0.389711431703,0.396862696660,1.53936979811945e-08,0.000827058516164240,0.00103178816542111,2.10920337659800e-06
28,134,0,-3,3,-0.225000000000,-0.389711431703,0.450000000000,1.53936979811946e-08,0.000625157312897449,0.00167149989622575,3.84288661699698e-06
29,200,0,3,3,0.225000000000,0.389711431703,0.450000000000,1.53936979811945e-08,0.000625162521884056,0.00167152281202823,3.84298659261688e-06
30,155,1,-3,3,-0.0750000000000,-0.389711431703,0.396862696660,1.53936979811945e-08,0.000827049831761454,0.00103176963917715,2.10914008946441e-06
31,210,1,2,3,0.300000000000,0.259807621135,0.396862696660,1.53936979811945e-08,0.000827058252700424,0.00103178202228524,2.10918763328425e-06
32,176,2,-3,3,0.0750000000000,-0.389711431703,0.396862696660,1.53936979811946e-08,0.000827049342046761,0.00103176946235094,2.10913870594409e-06
33,220,2,1,3,0.375000000000,0.129903810568,0.396862696660,1.53936979811946e-08,0.000827056203737099,0.00103177722830434,2.10917166438092e-06
34,197,3,-3,3,0.225000000000,-0.389711431703,0.450000000000,1.53936979811946e-08,0.000625156674119779,0.00167149910050911,3.84288249804765e-06
35,208,3,-2,3,0.300000000000,-0.259807621135,0.396862696660,1.53936979811946e-08,0.000827050318537742,0.00103177150878119,2.10914600836045e-06
36,219,3,-1,3,0.375000000000,-0.129903810568,0.396862696660,1.53936979811946e-08,0.000827052118929607,0.00103177300755321,2.10915317169065e-06
37,230,3,0,3,0.450000000000,0.00000000000,0.450000000000,1.53936979811946e-08,0.000625160649428288,0.00167150586485502,3.84291577098568e-06
38,83,-4,0,4,-0.600000000000,0.00000000000,0.600000000000,1.53936979811945e-08,-0.00188427012972622,0.00346455678007492,1.87165728633937e-05
39,94,-4,1,4,-0.525000000000,0.129903810568,0.540832691320,1.53936979811946e-08,-0.000533328902985008,0.00269087582631935,9.09005676797024e-06
40,105,-4,2,4,-0.450000000000,0.259807621135,0.519615242271,1.53936979811946e-08,-0.000232503207983586,0.00231571036159221,6.55810403352392e-06
41,116,-4,3,4,-0.375000000000,0.389711431703,0.540832691320,1.53936979811946e-08,-0.000533331228838151,0.00269088955704938,9.09014818859418e-06
42,127,-4,4,4,-0.300000000000,0.519615242271,0.600000000000,1.53936979811946e-08,-0.00188428924386565,0.00346458198273453,1.87168676177591e-05
43,93,-3,-1,4,-0.525000000000,-0.129903810568,0.540832691320,1.53936979811946e-08,-0.000533327960909303,0.00269087086611523,9.09002376906348e-06
44,148,-3,4,4,-0.150000000000,0.519615242271,0.540832691320,1.53936979811946e-08,-0.000533339988686380,0.00269089679838416,9.09020754122884e-06
45,103,-2,-2,4,-0.450000000000,-0.259807621135,0.519615242271,1.53936979811946e-08,-0.000232504338388002,0.00231569736312087,6.55803216324582e-06
46,169,-2,4,4,0.00000000000,0.519615242271,0.519615242271,1.53936979811946e-08,-0.000232513100924047,0.00231572570969328,6.55819624768618e-06
47,113,-1,-3,4,-0.375000000000,-0.389711431703,0.540832691320,1.53936979811945e-08,-0.000533328388214404,0.00269086295932871,9.08997325950620e-06
48,190,-1,4,4,0.150000000000,0.519615242271,0.540832691320,1.53936979811946e-08,-0.000533340837808921,0.00269089849355530,9.09021990484725e-06
49,123,0,-4,4,-0.300000000000,-0.519615242271,0.600000000000,1.53936979811946e-08,-0.00188426181276332,0.00346454067443229,1.87164000230282e-05
50,211,0,4,4,0.300000000000,0.519615242271,0.600000000000,1.53936979811946e-08,-0.00188429222539493,0.00346458407058883,1.87169002299706e-05
51,144,1,-4,4,-0.150000000000,-0.519615242271,0.540832691320,1.53936979811946e-08,-0.000533323594971480,0.00269085870713302,9.08993835227339e-06
52,221,1,3,4,0.375000000000,0.389711431703,0.540832691320,1.53936979811945e-08,-0.000533332289626541,0.00269089059973196,9.09015716009165e-06
53,165,2,-4,4,0.00000000000,-0.519615242271,0.519615242271,1.53936979811945e-08,-0.000232500592396832,0.00231568856114085,6.55798054223590e-06
54,231,2,2,4,0.450000000000,0.259807621135,0.519615242271,1.53936979811945e-08,-0.000232502401055177,0.00231571037848456,6.55810388146687e-06
55,186,3,-4,4,0.150000000000,-0.519615242271,0.540832691320,1.53936979811945e-08,-0.000533325327991345,0.00269085738967047,9.08993264214287e-06
56,241,3,1,4,0.525000000000,0.129903810568,0.540832691320,1.53936979811946e-08,-0.000533326586393052,0.00269087458196348,9.09004628313060e-06
57,207,4,-4,4,0.300000000000,-0.519615242271,0.600000000000,1.53936979811946e-08,-0.00188426212476944,0.00346453870092311,1.87163848855832e-05
58,218,4,-3,4,0.375000000000,-0.389711431703,0.540832691320,1.53936979811945e-08,-0.000533326824680687,0.00269086133250404,9.08996009867869e-06
59,229,4,-2,4,0.450000000000,-0.259807621135,0.519615242271,1.53936979811945e-08,-0.000232502343364597,0.00231569488924529,6.55801749403140e-06
60,240,4,-1,4,0.525000000000,-0.129903810568,0.540832691320,1.53936979811945e-08,-0.000533326262649928,0.00269086745550211,9.08999974160506e-06
61,251,4,0,4,0.600000000000,0.00000000000,0.600000000000,1.53936979811946e-08,-0.00188426697211983,0.00346455349384767,1.87165314689111e-05
62,62,-5,0,5,-0.750000000000,0.00000000000,0.750000000000,1.53936979811945e-08,-0.00849300830379506,0.00220897575980679,9.24382066909075e-05
63,73,-5,1,5,-0.675000000000,0.129903810568,0.687386354243,1.53936979811946e-08,-0.00517364193867188,0.00305386890784427,4.35886493607200e-05
64,84,-5,2,5,-0.600000000000,0.259807621135,0.653834841531,1.53936979811946e-08,-0.00378011163130102,0.00266305785118423,2.60747578123969e-05
65,95,-5,3,5,-0.525000000000,0.389711431703,0.653834841531,1.53936979811946e-08,-0.00378011751517892,0.00266306640838704,2.60748666860562e-05
66,106,-5,4,5,-0.450000000000,0.519615242271,0.687386354243,1.53936979811946e-08,-0.00517366915102459,0.00305388992264607,4.35891393099646e-05
67,117,-5,5,5,-0.375000000000,0.649519052838,0.750000000000,1.53936979811945e-08,-0.00849307972556918,0.00220898502305890,9.24397043439374e-05
68,72,-4,-1,5,-0.675000000000,-0.129903810568,0.687386354243,1.53936979811945e-08,-0.00517363277858713,0.00305386799900790,4.35885283601421e-05
69,138,-4,5,5,-0.225000000000,0.649519052838,0.687386354243,1.53936979811945e-08,-0.00517369277913246,0.00305388615803411,4.35894117644331e-05
70,82,-3,-2,5,-0.600000000000,-0.259807621135,0.653834841531,1.53936979811946e-08,-0.00378009886954228,0.00266304805128064,2.60745756500711e-05
71,159,-3,5,5,-0.0750000000000,0.649519052838,0.653834841531,1.53936979811945e-08,-0.00378015197362533,0.00266307122283897,2.60752167461277e-05
72,92,-2,-3,5,-0.525000000000,-0.389711431703,0.653834841531,1.53936979811946e-08,-0.00378009719897050,0.00266304286029146,2.60745288476982e-05
73,180,-2,5,5,0.0750000000000,0.649519052838,0.653834841531,1.53936979811946e-08,-0.00378015324057415,0.00266307258866619,2.60752367169708e-05
74,102,-1,-4,5,-0.450000000000,-0.519615242271,0.687386354243,1.53936979811946e-08,-0.00517362123257100,0.00305385344258669,4.35882780378163e-05
75,201,-1,5,5,0.225000000000,0.649519052838,0.687386354243,1.53936979811945e-08,-0.00517369755276011,0.00305388882933566,4.35894906457248e-05
76,112,0,-5,5,-0.375000000000,-0.649519052838,0.750000000000,1.53936979811945e-08,-0.00849296971311983,0.00220896538490842,9.24373542234995e-05
77,222,0,5,5,0.375000000000,0.649519052838,0.750000000000,1.53936979811945e-08,-0.00849308961793312,0.00220898336941869,9.24399013307040e-05
78,133,1,-5,5,-0.225000000000,-0.649519052838,0.687386354243,1.53936979811945e-08,-0.00517360610118841,0.00305385613731959,4.35881035365924e-05
79,232,1,4,5,0.450000000000,0.519615242271,0.687386354243,1.53936979811945e-08,-0.00517367460335571,0.00305388963196347,4.35892103179532e-05
80,154,2,-5,5,-0.0750000000000,-0.649519052838,0.653834841531,1.53936979811946e-08,-0.00378007825062963,0.00266303912180886,2.60743274579567e-05
81,242,2,3,5,0.525000000000,0.389711431703,0.653834841531,1.53936979811945e-08,-0.00378011798586256,0.00266306706514356,2.60748756678673e-05
82,175,3,-5,5,0.0750000000000,-0.649519052838,0.653834841531,1.53936979811945e-08,-0.00378008020571131,0.00266303650081128,2.60743297107131e-05
83,252,3,2,5,0.600000000000,0.259807621135,0.653834841531,1.53936979811946e-08,-0.00378010756285416,0.00266305995420987,2.60747338570779e-05
84,196,4,-5,5,0.225000000000,-0.649519052838,0.687386354243,1.53936979811945e-08,-0.00517360952504147,0.00305385017358232,4.35881064621280e-05
85,262,4,1,5,0.675000000000,0.129903810568,0.687386354243,1.53936979811945e-08,-0.00517363487812704,0.00305387063039141,4.35885749609179e-05
86,217,5,-5,5,0.375000000000,-0.649519052838,0.750000000000,1.53936979811945e-08,-0.00849296843962746,0.00220896243901638,9.24373197391117e-05
87,228,5,-4,5,0.450000000000,-0.519615242271,0.687386354243,1.53936979811946e-08,-0.00517361517417246,0.00305385507961029,4.35882116554926e-05
88,239,5,-3,5,0.525000000000,-0.389711431703,0.653834841531,1.53936979811945e-08,-0.00378008986210085,0.00266304307643844,2.60744602988004e-05
89,250,5,-2,5,0.600000000000,-0.259807621135,0.653834841531,1.53936979811946e-08,-0.00378009260028580,0.00266304575254764,2.60745053345197e-05
90,261,5,-1,5,0.675000000000,-0.129903810568,0.687386354243,1.53936979811946e-08,-0.00517362638322492,0.00305386395600554,4.35884228652256e-05
91,272,5,0,5,0.750000000000,0.00000000000,0.750000000000,1.53936979811946e-08,-0.00849299903492875,0.00220897531063217,9.24380142777856e-05
92,42,-6,0,6,-0.900000000000,0.00000000000,0.900000000000,1.53936979811945e-08,-0.0165004152069687,-0.0101034497637158,0.000448728381137319
93,52,-6,1,6,-0.825000000000,0.129903810568,0.835164654425,1.53936979811945e-08,-0.0127799023828924,-0.00370462332116675,0.000213549442709048
94,63,-6,2,6,-0.750000000000,0.259807621135,0.793725393319,1.53936979811946e-08,-0.00975697994675313,-0.00232101074200517,0.000122868244988131
95,74,-6,3,6,-0.675000000000,0.389711431703,0.779422863406,1.53936979811946e-08,-0.00877304381985753,-0.00226150110870276,0.000100884794668448
96,85,-6,4,6,-0.600000000000,0.519615242271,0.793725393319,1.53936979811946e-08,-0.00975701149728543,-0.00232100253405553,0.000122868934113682
97,96,-6,5,6,-0.525000000000,0.649519052838,0.835164654425,1.53936979811946e-08,-0.0127799808451108,-0.00370463310507748,0.000213551926886371
98,107,-6,6,6,-0.450000000000,0.779422863406,0.900000000000,1.53936979811945e-08,-0.0165005440629115,-0.0101035510878678,0.000448735908677244
99,51,-5,-1,6,-0.825000000000,-0.129903810568,0.835164654425,1.53936979811945e-08,-0.0127798872498893,-0.00370460679272036,0.000213548827350487
100,128,-5,6,6,-0.300000000000,0.779422863406,0.835164654425,1.53936979811946e-08,-0.0127800116740031,-0.00370467631272850,0.000213553277236964
101,61,-4,-2,6,-0.750000000000,-0.259807621135,0.793725393319,1.53936979811945e-08,-0.00975695266611044,-0.00232099666741734,0.000122867507135915
102,149,-4,6,6,-0.150000000000,0.779422863406,0.793725393319,1.53936979811946e-08,-0.00975706682295596,-0.00232105090549011,0.000122870538378407
103,71,-3,-3,6,-0.675000000000,-0.389711431703,0.779422863406,1.53936979811945e-08,-0.00877300310461915,-0.00226149707053524,0.000100883902841520
104,170,-3,6,6,0.00000000000,0.779422863406,0.779422863406,1.53936979811946e-08,-0.00877311731972159,-0.00226154187262740,0.000100886606077624
105,81,-2,-4,6,-0.600000000000,-0.519615242271,0.793725393319,1.53936979811945e-08,-0.00975693996208115,-0.00232100681283320,0.000122867273553697
106,191,-2,6,6,0.150000000000,0.779422863406,0.793725393319,1.53936979811946e-08,-0.00975707256751129,-0.00232104882783785,0.000122870660674528
107,91,-1,-5,6,-0.525000000000,-0.649519052838,0.835164654425,1.53936979811946e-08,-0.0127798476159108,-0.00370461257353184,0.000213547651115543
108,212,-1,6,6,0.300000000000,0.779422863406,0.835164654425,1.53936979811946e-08,-0.0127800244046152,-0.00370467962506157,0.000213553698670363
109,101,0,-6,6,-0.450000000000,-0.779422863406,0.900000000000,1.53936979811946e-08,-0.0165003418934967,-0.0101034033367336,0.000448724345798349
110,233,0,6,6,0.450000000000,0.779422863406,0.900000000000,1.53936979811946e-08,-0.0165005598178185,-0.0101035724219441,0.000448737059515374
111,122,1,-6,6,-0.300000000000,-0.779422863406,0.835164654425,1.53936979811946e-08,-0.0127798279417357,-0.00370458029724067,0.000213546755008799
112,243,1,5,6,0.525000000000,0.649519052838,0.835164654425,1.53936979811945e-08,-0.0127799919867971,-0.00370464724320024,0.000213552420599819
113,143,2,-6,6,-0.150000000000,-0.779422863406,0.793725393319,1.53936979811945e-08,-0.00975690550124130,-0.00232097608207452,0.000122866275216333
114,253,2,4,6,0.600000000000,0.519615242271,0.793725393319,1.53936979811945e-08,-0.00975701564739839,-0.00232100636155228,0.000122869075336919
115,164,3,-6,6,0.00000000000,-0.779422863406,0.779422863406,1.53936979811946e-08,-0.00877296361569291,-0.00226147910343976,0.000100882958079804
116,263,3,3,6,0.675000000000,0.389711431703,0.779422863406,1.53936979811945e-08,-0.00877304179546579,-0.00226149470674450,0.000100884724574260
117,185,4,-6,6,0.150000000000,-0.779422863406,0.793725393319,1.53936979811945e-08,-0.00975690722612905,-0.00232099139867834,0.000122866416759853
118,273,4,2,6,0.750000000000,0.259807621135,0.793725393319,1.53936979811946e-08,-0.00975697305702932,-0.00232099705144378,0.000122868006603826
119,206,5,-6,6,0.300000000000,-0.779422863406,0.835164654425,1.53936979811946e-08,-0.0127798278492026,-0.00370460041861469,0.000213546943865600
120,283,5,1,6,0.825000000000,0.129903810568,0.835164654425,1.53936979811945e-08,-0.0127798922341235,-0.00370460722382327,0.000213548991537086
121,227,6,-6,6,0.450000000000,-0.779422863406,0.900000000000,1.53936979811946e-08,-0.0165003364103634,-0.0101034086285737,0.000448724245517338
122,238,6,-5,6,0.525000000000,-0.649519052838,0.835164654425,1.53936979811945e-08,-0.0127798398100811,-0.00370459795835147,0.000213547280325637
123,249,6,-4,6,0.600000000000,-0.519615242271,0.793725393319,1.53936979811945e-08,-0.00975692730320889,-0.00232099122128277,0.000122866879768316
124,260,6,-3,6,0.675000000000,-0.389711431703,0.779422863406,1.53936979811946e-08,-0.00877299021592499,-0.00226148790635593,0.000100883572889591
125,271,6,-2,6,0.750000000000,-0.259807621135,0.793725393319,1.53936979811946e-08,-0.00975694113105268,-0.00232099453189025,0.000122867233253255
126,282,6,-1,6,0.825000000000,-0.129903810568,0.835164654425,1.53936979811946e-08,-0.0127798737866324,-0.00370460690670322,0.000213548423862810
127,292,6,0,6,0.900000000000,0.00000000000,0.900000000000,1.53936979811946e-08,-0.0165004007735029,-0.0101034385871247,0.000448727577847367
128,26,-7,0,7,-1.05000000000,0.00000000000,1.05000000000,1.53936979811946e-08,-0.00919647034294245,-0.0412633524822064,0.00214115214768138
129,34,-7,1,7,-0.975000000000,0.129903810568,0.983615778645,1.53936979811946e-08,-0.0136052839666840,-0.0259385662490152,0.00103414704988495
130,43,-7,2,7,-0.900000000000,0.259807621135,0.936749699760,1.53936979811946e-08,-0.0110654001784774,-0.0193294342398203,0.000605416828533749
131,53,-7,3,7,-0.825000000000,0.389711431703,0.912414379545,1.53936979811946e-08,-0.00897456662291019,-0.0175262696925592,0.000476553757340144
132,64,-7,4,7,-0.750000000000,0.519615242271,0.912414379545,1.53936979811946e-08,-0.00897458729282412,-0.0175262771407120,0.000476554535518102
133,75,-7,5,7,-0.675000000000,0.649519052838,0.936749699760,1.53936979811945e-08,-0.0110654670999624,-0.0193294744037662,0.000605420541235849
134,86,-7,6,7,-0.600000000000,0.779422863406,0.983615778645,1.53936979811946e-08,-0.0136053891728492,-0.0259387122876617,0.00103415957528454
135,97,-7,7,7,-0.525000000000,0.909326673974,1.05000000000,1.53936979811946e-08,-0.00919651061991597,-0.0412637191320894,0.00214118922147905
136,33,-6,-1,7,-0.975000000000,-0.129903810568,0.983615778645,1.53936979811945e-08,-0.0136052864546451,-0.0259385170372537,0.00103414406323969
137,118,-6,7,7,-0.375000000000,0.909326673974,0.983615778645,1.53936979811945e-08,-0.0136053664542849,-0.0259388295702233,0.00103416624629613
138,41,-5,-2,7,-0.900000000000,-0.259807621135,0.936749699760,1.53936979811945e-08,-0.0110653864644287,-0.0193293660458034,0.000605413248583627
139,139,-5,7,7,-0.225000000000,0.909326673974,0.936749699760,1.53936979811945e-08,-0.0110654748086315,-0.0193296377036831,0.000605428465546338
140,50,-4,-3,7,-0.825000000000,-0.389711431703,0.912414379545,1.53936979811945e-08,-0.00897453497678269,-0.0175261993994172,0.000476550062599389
141,160,-4,7,7,-0.0750000000000,0.909326673974,0.912414379545,1.53936979811945e-08,-0.00897462633273295,-0.0175264495179039,0.000476562812842311
142,60,-3,-4,7,-0.750000000000,-0.519615242271,0.912414379545,1.53936979811946e-08,-0.00897452427669624,-0.0175262038520784,0.000476550009561327
143,181,-3,7,7,0.0750000000000,0.909326673974,0.912414379545,1.53936979811946e-08,-0.00897463099528341,-0.0175264482240457,0.000476562843637160
144,70,-2,-5,7,-0.675000000000,-0.649519052838,0.936749699760,1.53936979811946e-08,-0.0110653491032867,-0.0193293654311975,0.000605412214424312
145,202,-2,7,7,0.225000000000,0.909326673974,0.936749699760,1.53936979811945e-08,-0.0110654884574831,-0.0193296419540012,0.000605429017555432
146,80,-1,-6,7,-0.600000000000,-0.779422863406,0.983615778645,1.53936979811945e-08,-0.0136052210252553,-0.0259384651463454,0.00103413871270104
147,223,-1,7,7,0.375000000000,0.909326673974,0.983615778645,1.53936979811945e-08,-0.0136053841897820,-0.0259388545693326,0.00103416838340663
148,90,0,-7,7,-0.525000000000,-0.909326673974,1.05000000000,1.53936979811946e-08,-0.00919643306599306,-0.0412631701092295,0.00214113328383657
149,244,0,7,7,0.525000000000,0.909326673974,1.05000000000,1.53936979811946e-08,-0.00919650120396550,-0.0412637856208741,0.00214119576561746
150,111,1,-7,7,-0.375000000000,-0.909326673974,0.983615778645,1.53936979811945e-08,-0.0136052369404734,-0.0259383834195670,0.00103413401708583
151,254,1,6,7,0.600000000000,0.779422863406,0.983615778645,1.53936979811946e-08,-0.0136053838710103,-0.0259387642219054,0.00103416268495895
152,132,2,-7,7,-0.225000000000,-0.909326673974,0.936749699760,1.53936979811945e-08,-0.0110653462968437,-0.0193292572657660,0.000605407052901001
153,264,2,5,7,0.675000000000,0.649519052838,0.936749699760,1.53936979811945e-08,-0.0110654651897057,-0.0193295033163105,0.000605421898978032
154,153,3,-7,7,-0.0750000000000,-0.909326673974,0.912414379545,1.53936979811946e-08,-0.00897450202996329,-0.0175261058242339,0.000476545311331709
155,274,3,4,7,0.750000000000,0.519615242271,0.912414379545,1.53936979811946e-08,-0.00897458969169414,-0.0175262761341040,0.000476554575076114
156,174,4,-7,7,0.0750000000000,-0.909326673974,0.912414379545,1.53936979811946e-08,-0.00897449538784521,-0.0175261239342516,0.000476545955847171
157,284,4,3,7,0.825000000000,0.389711431703,0.912414379545,1.53936979811946e-08,-0.00897457387065730,-0.0175262433287336,0.000476552784321948
158,195,5,-7,7,0.225000000000,-0.909326673974,0.936749699760,1.53936979811946e-08,-0.0110653246597953,-0.0193293014314580,0.000605408574020496
159,293,5,2,7,0.900000000000,0.259807621135,0.936749699760,1.53936979811946e-08,-0.0110654090333921,-0.0193293914043854,0.000605415055258098
160,216,6,-7,7,0.375000000000,-0.909326673974,0.983615778645,1.53936979811945e-08,-0.0136052076220203,-0.0259384248588559,0.00103413574051986
161,301,6,1,7,0.975000000000,0.129903810568,0.983615778645,1.53936979811946e-08,-0.0136052917136175,-0.0259385227705593,0.00103414457943129
162,237,7,-7,7,0.525000000000,-0.909326673974,1.05000000000,1.53936979811945e-08,-0.00919642230320975,-0.0412631699635909,0.00214113303013065
163,248,7,-6,7,0.600000000000,-0.779422863406,0.983615778645,1.53936979811946e-08,-0.0136052289779496,-0.0259384254562162,0.00103413642376185
164,259,7,-5,7,0.675000000000,-0.649519052838,0.936749699760,1.53936979811945e-08,-0.0110653527813694,-0.0193293137959938,0.000605409916139341
165,270,7,-4,7,0.750000000000,-0.519615242271,0.912414379545,1.53936979811946e-08,-0.00897452061915255,-0.0175261603256281,0.000476548056258157
166,281,7,-3,7,0.825000000000,-0.389711431703,0.912414379545,1.53936979811946e-08,-0.00897452522201086,-0.0175261744524568,0.000476548769896318
167,291,7,-2,7,0.900000000000,-0.259807621135,0.936749699760,1.53936979811945e-08,-0.0110653698113665,-0.0193293548255390,0.000605412335869637
168,300,7,-1,7,0.975000000000,-0.129903810568,0.983615778645,1.53936979811945e-08,-0.0136052643447169,-0.0259385078869271,0.00103414283503349
169,308,7,0,7,1.05000000000,0.00000000000,1.05000000000,1.53936979811946e-08,-0.00919646572350273,-0.0412633180320498,0.00214114883500645
170,14,-8,0,8,-1.20000000000,0.00000000000,1.20000000000,1.53936979811945e-08,0.0504878819445584,-0.0766032354265678,0.0100768263994137
171,20,-8,1,8,-1.12500000000,0.129903810568,1.13247516529,1.53936979811946e-08,0.0203195208393548,-0.0607417680574487,0.00494519800538458
172,27,-8,2,8,-1.05000000000,0.259807621135,1.08166538264,1.53936979811946e-08,0.0139643140748174,-0.0473573016109780,0.00297391854200446
173,35,-8,3,8,-0.975000000000,0.389711431703,1.05000000000,1.53936979811946e-08,0.0144501420085861,-0.0413970573325857,0.00235873744667321
174,44,-8,4,8,-0.900000000000,0.519615242271,1.03923048454,1.53936979811945e-08,0.0150755590228212,-0.0399365872062142,0.00223695684522375
175,54,-8,5,8,-0.825000000000,0.649519052838,1.05000000000,1.53936979811945e-08,0.0144501212998764,-0.0413971214185413,0.00235874321967558
176,65,-8,6,8,-0.750000000000,0.779422863406,1.08166538264,1.53936979811945e-08,0.0139642888188902,-0.0473574829679823,0.00297393851746089
177,76,-8,7,8,-0.675000000000,0.909326673974,1.13247516529,1.53936979811945e-08,0.0203196065047519,-0.0607421678340393,0.00494526050502209
178,87,-8,8,8,-0.600000000000,1.03923048454,1.20000000000,1.53936979811945e-08,0.0504883989747544,-0.0766038768300659,0.0100770062274964
179,19,-7,-1,8,-1.12500000000,-0.129903810568,1.13247516529,1.53936979811946e-08,0.0203194435218838,-0.0607416970639661,0.00494518391623856
180,108,-7,8,8,-0.450000000000,1.03923048454,1.13247516529,1.53936979811945e-08,0.0203198110698446,-0.0607423249652678,0.00494529398022896
181,25,-6,-2,8,-1.05000000000,-0.259807621135,1.08166538264,1.53936979811946e-08,0.0139642279018990,-0.0473571779582290,0.00297390134366166
182,129,-6,8,8,-0.300000000000,1.03923048454,1.08166538264,1.53936979811946e-08,0.0139645270831967,-0.0473577523993265,0.00297397790256871
183,32,-5,-3,8,-0.975000000000,-0.389711431703,1.05000000000,1.53936979811945e-08,0.0144500659248143,-0.0413969063631225,0.00235871945358298
184,150,-5,8,8,-0.150000000000,1.03923048454,1.05000000000,1.53936979811945e-08,0.0144503279175289,-0.0413974412343635,0.00235878304574692
185,40,-4,-4,8,-0.900000000000,-0.519615242271,1.03923048454,1.53936979811945e-08,0.0150755029316048,-0.0399364160342956,0.00223693806073588
186,171,-4,8,8,0.00000000000,1.03923048454,1.03923048454,1.53936979811946e-08,0.0150757422160077,-0.0399369384194802,0.00223699802623823
187,49,-3,-5,8,-0.825000000000,-0.649519052838,1.05000000000,1.53936979811945e-08,0.0144500953551544,-0.0413968970456477,0.00235871935092939
188,192,-3,8,8,0.150000000000,1.03923048454,1.05000000000,1.53936979811946e-08,0.0144503149120911,-0.0413974458865166,0.00235878306526115
189,59,-2,-6,8,-0.750000000000,-0.779422863406,1.08166538264,1.53936979811945e-08,0.0139642752943788,-0.0473571245273860,0.00297389687941809
190,213,-2,8,8,0.300000000000,1.03923048454,1.08166538264,1.53936979811946e-08,0.0139645075851378,-0.0473577776839419,0.00297398006240769
191,69,-1,-7,8,-0.675000000000,-0.909326673974,1.13247516529,1.53936979811945e-08,0.0203194592268266,-0.0607415299013153,0.00494516019728792
192,234,-1,8,8,0.450000000000,1.03923048454,1.13247516529,1.53936979811946e-08,0.0203198217074298,-0.0607423916207892,0.00494530414112118
193,79,0,-8,8,-0.600000000000,-1.03923048454,1.20000000000,1.53936979811946e-08,0.0504876608565651,-0.0766029126250502,0.0100767401352579
194,255,0,8,8,0.600000000000,1.03923048454,1.20000000000,1.53936979811946e-08,0.0504885284041531,-0.0766039794863664,0.0100770410355663
195,100,1,-8,8,-0.450000000000,-1.03923048454,1.13247516529,1.53936979811945e-08,0.0203193082867533,-0.0607414190197938,0.00494513630211576
196,265,1,7,8,0.675000000000,0.909326673974,1.13247516529,1.53936979811946e-08,0.0203197029913293,-0.0607422640512699,0.00494527993213502
197,121,2,-8,8,-0.300000000000,-1.03923048454,1.08166538264,1.53936979811946e-08,0.0139641082399262,-0.0473569443760879,0.00297387014581924
198,275,2,6,8,0.750000000000,0.779422863406,1.08166538264,1.53936979811946e-08,0.0139643563130117,-0.0473575464769415,0.00297394840388565
199,142,3,-8,8,-0.150000000000,-1.03923048454,1.05000000000,1.53936979811946e-08,0.0144499573342038,-0.0413967028726480,0.00235869492157995
200,285,3,5,8,0.825000000000,0.649519052838,1.05000000000,1.53936979811945e-08,0.0144501380248109,-0.0413971447418606,0.00235874636560726
201,163,4,-8,8,0.00000000000,-1.03923048454,1.03923048454,1.53936979811945e-08,0.0150754138327443,-0.0399362367296631,0.00223691723612577
202,294,4,4,8,0.900000000000,0.519615242271,1.03923048454,1.53936979811945e-08,0.0150755259061421,-0.0399365698578512,0.00223695415047752
203,184,5,-8,8,0.150000000000,-1.03923048454,1.05000000000,1.53936979811945e-08,0.0144500267077680,-0.0413967493118641,0.00235870210062543
204,302,5,3,8,0.975000000000,0.389711431703,1.05000000000,1.53936979811946e-08,0.0144500729706077,-0.0413970033801710,0.00235872962668018
205,205,6,-8,8,0.300000000000,-1.03923048454,1.08166538264,1.53936979811946e-08,0.0139642263770495,-0.0473570092621331,0.00297388179878273
206,309,6,2,8,1.05000000000,0.259807621135,1.08166538264,1.53936979811946e-08,0.0139642249393219,-0.0473572333066392,0.00297390772359962
207,226,7,-8,8,0.450000000000,-1.03923048454,1.13247516529,1.53936979811946e-08,0.0203194206237677,-0.0607414574019275,0.00494514787322216
208,315,7,1,8,1.12500000000,0.129903810568,1.13247516529,1.53936979811946e-08,0.0203194436836272,-0.0607417084668930,0.00494518588122106
209,247,8,-8,8,0.600000000000,-1.03923048454,1.20000000000,1.53936979811946e-08,0.0504876686047158,-0.0766028964603802,0.0100767378563884
210,258,8,-7,8,0.675000000000,-0.909326673974,1.13247516529,1.53936979811945e-08,0.0203193803376899,-0.0607414668507276,0.00494514706756176
211,269,8,-6,8,0.750000000000,-0.779422863406,1.08166538264,1.53936979811946e-08,0.0139641917602073,-0.0473570357348788,0.00297388357889021
212,280,8,-5,8,0.825000000000,-0.649519052838,1.05000000000,1.53936979811946e-08,0.0144500255462240,-0.0413968089845014,0.00235870809895975
213,290,8,-4,8,0.900000000000,-0.519615242271,1.03923048454,1.53936979811945e-08,0.0150754617087441,-0.0399363484461366,0.00223692985442839
214,299,8,-3,8,0.975000000000,-0.389711431703,1.05000000000,1.53936979811945e-08,0.0144500577554223,-0.0413968651945851,0.00235871500619659
215,307,8,-2,8,1.05000000000,-0.259807621135,1.08166538264,1.53936979811946e-08,0.0139642521970175,-0.0473571534776708,0.00297389938769880
216,314,8,-1,8,1.12500000000,-0.129903810568,1.13247516529,1.53936979811945e-08,0.0203194737915756,-0.0607416683922532,0.00494518156823934
217,320,8,0,8,1.20000000000,0.00000000000,1.20000000000,1.53936979811946e-08,0.0504878521296605,-0.0766031921565121,0.0100768149615998
218,6,-9,0,9,-1.35000000000,0.00000000000,1.35000000000,1.53936979811946e-08,0.193712246504261,-0.0372423345528410,0.0465078099488502
219,10,-9,1,9,-1.27500000000,0.129903810568,1.28160056180,1.53936979811946e-08,0.126036161860507,-0.0592746560278532,0.0233906393827412
220,15,-9,2,9,-1.20000000000,0.259807621135,1.22780291578,1.53936979811946e-08,0.0971206870187697,-0.0499900426645749,0.0145621437187871
221,21,-9,3,9,-1.12500000000,0.389711431703,1.19058808998,1.53936979811945e-08,0.0884219091128485,-0.0413663069726576,0.0116798756213723
222,28,-9,4,9,-1.05000000000,0.519615242271,1.17153745139,1.53936979811946e-08,0.0865193853964866,-0.0377370150457484,0.0109151266440823
223,36,-9,5,9,-0.975000000000,0.649519052838,1.17153745139,1.53936979811945e-08,0.0865194118710184,-0.0377370595813369,0.0109151365475765
224,45,-9,6,9,-0.900000000000,0.779422863406,1.19058808998,1.53936979811946e-08,0.0884220145113920,-0.0413664593228604,0.0116799139963054
225,55,-9,7,9,-0.825000000000,0.909326673974,1.22780291578,1.53936979811945e-08,0.0971209906990048,-0.0499903507296405,0.0145622521768890
226,66,-9,8,9,-0.750000000000,1.03923048454,1.28160056180,1.53936979811945e-08,0.126036940505143,-0.0592751269455888,0.0233909415597181
227,77,-9,9,9,-0.675000000000,1.16913429511,1.35000000000,1.53936979811945e-08,0.193714057729702,-0.0372425509518156,0.0465086657802252
228,9,-8,-1,9,-1.27500000000,-0.129903810568,1.28160056180,1.53936979811945e-08,0.126035936096489,-0.0592746593099937,0.0233905702308346
229,98,-8,9,9,-0.525000000000,1.16913429511,1.28160056180,1.53936979811945e-08,0.126037507139514,-0.0592750710521881,0.0233911073396652
230,13,-7,-2,9,-1.20000000000,-0.259807621135,1.22780291578,1.53936979811946e-08,0.0971203733087896,-0.0499899853586772,0.0145620611289222
231,119,-7,9,9,-0.375000000000,1.16913429511,1.22780291578,1.53936979811945e-08,0.0971217774381111,-0.0499904148246794,0.0145624473516685
232,18,-6,-3,9,-1.12500000000,-0.389711431703,1.19058808998,1.53936979811945e-08,0.0884215596364868,-0.0413662056965072,0.0116797894372241
233,140,-6,9,9,-0.225000000000,1.16913429511,1.19058808998,1.53936979811946e-08,0.0884228348788397,-0.0413666348056932,0.0116801093222033
234,24,-5,-4,9,-1.05000000000,-0.519615242271,1.17153745139,1.53936979811945e-08,0.0865190278013005,-0.0377368775549174,0.0109150376747149
235,161,-5,9,9,-0.0750000000000,1.16913429511,1.17153745139,1.53936979811946e-08,0.0865202247682677,-0.0377373001329288,0.0109153308732765
236,31,-4,-5,9,-0.975000000000,-0.649519052838,1.17153745139,1.53936979811945e-08,0.0865190424829448,-0.0377368650300524,0.0109150395762739
237,182,-4,9,9,0.0750000000000,1.16913429511,1.17153745139,1.53936979811945e-08,0.0865202174997923,-0.0377373045914722,0.0109153299395734
238,39,-3,-6,9,-0.900000000000,-0.779422863406,1.19058808998,1.53936979811945e-08,0.0884215807100628,-0.0413661555762883,0.0116797893313755
239,203,-3,9,9,0.225000000000,1.16913429511,1.19058808998,1.53936979811946e-08,0.0884228199758331,-0.0413666529864656,0.0116801081855762
240,48,-2,-7,9,-0.825000000000,-0.909326673974,1.22780291578,1.53936979811945e-08,0.0971203584035212,-0.0499898445441395,0.0145620399016264
241,224,-2,9,9,0.375000000000,1.16913429511,1.22780291578,1.53936979811945e-08,0.0971217812447997,-0.0499904753712643,0.0145624552852368
242,58,-1,-8,9,-0.750000000000,-1.03923048454,1.28160056180,1.53936979811945e-08,0.126035699936436,-0.0592744169295416,0.0233904638534560
243,245,-1,9,9,0.525000000000,1.16913429511,1.28160056180,1.53936979811945e-08,0.126037631207487,-0.0592751544353578,0.0233911566435465
244,68,0,-9,9,-0.675000000000,-1.16913429511,1.35000000000,1.53936979811945e-08,0.193711467923966,-0.0372422015663803,0.0465074394067906
245,266,0,9,9,0.675000000000,1.16913429511,1.35000000000,1.53936979811945e-08,0.193714444349141,-0.0372425060743184,0.0465088420889496
246,89,1,-9,9,-0.525000000000,-1.16913429511,1.28160056180,1.53936979811945e-08,0.126035320319356,-0.0592744435435697,0.0233903525698398
247,276,1,8,9,0.750000000000,1.03923048454,1.28160056180,1.53936979811945e-08,0.126037294643102,-0.0592751254823637,0.0233910506880425
248,110,2,-9,9,-0.375000000000,-1.16913429511,1.22780291578,1.53936979811945e-08,0.0971198228260582,-0.0499898042905269,0.0145619095629849
249,286,2,7,9,0.825000000000,0.909326673974,1.22780291578,1.53936979811946e-08,0.0971212577718749,-0.0499903519677875,0.0145623170480229
250,131,3,-9,9,-0.225000000000,-1.16913429511,1.19058808998,1.53936979811945e-08,0.0884210434271016,-0.0413660572521357,0.0116796634197402
251,295,3,6,9,0.900000000000,0.779422863406,1.19058808998,1.53936979811945e-08,0.0884221573682773,-0.0413664677787279,0.0116799462930312
252,152,4,-9,9,-0.0750000000000,-1.16913429511,1.17153745139,1.53936979811945e-08,0.0865185747567035,-0.0377367396137576,0.0109149301552661
253,303,4,5,9,0.975000000000,0.649519052838,1.17153745139,1.53936979811945e-08,0.0865193998215126,-0.0377370815946584,0.0109151363422700
254,173,5,-9,9,0.0750000000000,-1.16913429511,1.17153745139,1.53936979811946e-08,0.0865186739384516,-0.0377367251641511,0.0109149500095712
255,310,5,4,9,1.05000000000,0.519615242271,1.17153745139,1.53936979811946e-08,0.0865192313404951,-0.0377370300745229,0.0109150959318408
256,194,6,-9,9,0.225000000000,-1.16913429511,1.19058808998,1.53936979811946e-08,0.0884213181360984,-0.0413660282850797,0.0116797204192793
257,316,6,3,9,1.12500000000,0.389711431703,1.19058808998,1.53936979811946e-08,0.0884216572458962,-0.0413663186965328,0.0116798222305952
258,215,7,-9,9,0.375000000000,-1.16913429511,1.22780291578,1.53936979811945e-08,0.0971201558156075,-0.0499897542973564,0.0145619826401591
259,321,7,2,9,1.20000000000,0.259807621135,1.22780291578,1.53936979811946e-08,0.0971204213714499,-0.0499900540215494,0.0145620810731497
260,236,8,-9,9,0.525000000000,-1.16913429511,1.28160056180,1.53936979811945e-08,0.126035556123175,-0.0592743694216119,0.0233904148702721
261,325,8,1,9,1.27500000000,0.129903810568,1.28160056180,1.53936979811945e-08,0.126035947191600,-0.0592746711699592,0.0233905762452675
262,257,9,-9,9,0.675000000000,-1.16913429511,1.35000000000,1.53936979811945e-08,0.193711396984971,-0.0372422008881113,0.0465074028949554
263,268,9,-8,9,0.750000000000,-1.03923048454,1.28160056180,1.53936979811945e-08,0.126035460922816,-0.0592744250514072,0.0233903916349803
264,279,9,-7,9,0.825000000000,-0.909326673974,1.22780291578,1.53936979811946e-08,0.0971200676156708,-0.0499898178807061,0.0145619688673489
265,289,9,-6,9,0.900000000000,-0.779422863406,1.19058808998,1.53936979811946e-08,0.0884213121835187,-0.0413661025832260,0.0116797251392742
266,298,9,-5,9,0.975000000000,-0.649519052838,1.17153745139,1.53936979811946e-08,0.0865188193979658,-0.0377368190860971,0.0109149885286752
267,306,9,-4,9,1.05000000000,-0.519615242271,1.17153745139,1.53936979811945e-08,0.0865188954391170,-0.0377368307732874,0.0109150061753574
268,313,9,-3,9,1.12500000000,-0.389711431703,1.19058808998,1.53936979811945e-08,0.0884215246110875,-0.0413661566966138,0.0116797770219478
269,319,9,-2,9,1.20000000000,-0.259807621135,1.22780291578,1.53936979811946e-08,0.0971204136605305,-0.0499899262156993,0.0145620646352427
270,324,9,-1,9,1.27500000000,-0.129903810568,1.28160056180,1.53936979811945e-08,0.126035977732556,-0.0592745925828828,0.0233905746169914
271,328,9,0,9,1.35000000000,0.00000000000,1.35000000000,1.53936979811946e-08,0.193712177114129,-0.0372423356213357,0.0465077803334969
272,2,-10,0,10,-1.50000000000,0.00000000000,1.50000000000,1.53936994958208e-08,0.346047546320253,0.231258328466332,0.205799550612920
273,4,-10,1,10,-1.42500000000,0.129903810568,1.43090880213,1.53936982947559e-08,0.280283066014099,0.109051567951213,0.109121009675086
274,7,-10,2,10,-1.35000000000,0.259807621135,1.37477270849,1.53936982947560e-08,0.228708907568551,0.0802791036184778,0.0717243695063505
275,11,-10,3,10,-1.27500000000,0.389711431703,1.33322916260,1.53936982947560e-08,0.204014895042150,0.0764100705127460,0.0580935469829745
276,16,-10,4,10,-1.20000000000,0.519615242271,1.30766968306,1.53936982947559e-08,0.194300663610376,0.0765232874423753,0.0533313165893510
277,22,-10,5,10,-1.12500000000,0.649519052838,1.29903810568,1.53936982947559e-08,0.191803434305954,0.0766438126078174,0.0521455941477963
278,29,-10,6,10,-1.05000000000,0.779422863406,1.30766968306,1.53936982947560e-08,0.194300869204857,0.0765232677968153,0.0533314102378338
279,37,-10,7,10,-0.975000000000,0.909326673974,1.33322916260,1.53936982947559e-08,0.204015403157055,0.0764100721690393,0.0580938012890623
280,46,-10,8,10,-0.900000000000,1.03923048454,1.37477270849,1.53936982947560e-08,0.228709939768815,0.0802792485685902,0.0717249722720913
281,56,-10,9,10,-0.825000000000,1.16913429511,1.43090880213,1.53936982947559e-08,0.280285002437956,0.109052198563647,0.109122480920577
282,67,-10,10,10,-0.750000000000,1.29903810568,1.50000000000,1.53936990654671e-08,0.346050684121960,0.231260692621402,0.205803441959483
283,3,-9,-1,10,-1.42500000000,-0.129903810568,1.43090880213,1.53936982947560e-08,0.280282734978213,0.109051262881335,0.109120699300280
284,88,-9,10,10,-0.600000000000,1.29903810568,1.43090880213,1.53936995226170e-08,0.280285895620170,0.109053030633508,0.109123300650928
285,5,-8,-2,10,-1.35000000000,-0.259807621135,1.37477270849,1.53936982947559e-08,0.228708355417561,0.0802787245583735,0.0717239831615340
286,109,-8,10,10,-0.450000000000,1.29903810568,1.37477270849,1.53936995226170e-08,0.228711337015871,0.0802803181411066,0.0717259592613055
287,8,-7,-3,10,-1.27500000000,-0.389711431703,1.33322916260,1.53936982947560e-08,0.204014227917273,0.0764096910726298,0.0580931424060151
288,130,-7,10,10,-0.300000000000,1.29903810568,1.33322916260,1.53936995226170e-08,0.204017001448036,0.0764110675526278,0.0580947803150105
289,12,-6,-4,10,-1.20000000000,-0.519615242271,1.30766968306,1.53936982947559e-08,0.194299926874932,0.0765229325353565,0.0533309008875242
290,151,-6,10,10,-0.150000000000,1.29903810568,1.30766968306,1.53936995226170e-08,0.194302521489178,0.0765241531594085,0.0533323570999240
291,17,-5,-5,10,-1.12500000000,-0.649519052838,1.29903810568,1.53936982947559e-08,0.191802643819571,0.0766434577952790,0.0521451549701106
292,172,-5,10,10,0.00000000000,1.29903810568,1.29903810568,1.53936995226170e-08,0.191805146955243,0.0766446256637924,0.0521465441329962
293,23,-4,-6,10,-1.05000000000,-0.779422863406,1.30766968306,1.53936982947560e-08,0.194299931869495,0.0765229666410391,0.0533309076265994
294,193,-4,10,10,0.150000000000,1.29903810568,1.30766968306,1.53936995226170e-08,0.194302507202191,0.0765241277161640,0.0533323449674171
295,30,-3,-7,10,-0.975000000000,-0.909326673974,1.33322916260,1.53936982947559e-08,0.204014176819376,0.0764097960709869,0.0580931335955565
296,214,-3,10,10,0.300000000000,1.29903810568,1.33322916260,1.53936995226170e-08,0.204017001798330,0.0764110237640529,0.0580947733451997
297,38,-2,-8,10,-0.900000000000,-1.03923048454,1.37477270849,1.53936982947559e-08,0.228708122506653,0.0802788666134784,0.0717238818209175
298,235,-2,10,10,0.450000000000,1.29903810568,1.37477270849,1.53936995226170e-08,0.228711422725950,0.0802802242320051,0.0717259852535817
299,47,-1,-9,10,-0.825000000000,-1.16913429511,1.43090880213,1.53936982947559e-08,0.280282069734245,0.109051207117009,0.109120240454563
300,256,-1,10,10,0.600000000000,1.29903810568,1.43090880213,1.53936995226170e-08,0.280286206813319,0.109053084253379,0.109123519968049
301,57,0,-10,10,-0.750000000000,-1.29903810568,1.50000000000,1.53936990654672e-08,0.346046256052805,0.231257440343392,0.205798019393549
302,277,0,10,10,0.750000000000,1.29903810568,1.50000000000,1.53936990654672e-08,0.346051265762073,0.231261335684837,0.205804282146119
303,78,1,-10,10,-0.600000000000,-1.29903810568,1.43090880213,1.53936995226170e-08,0.280281594344848,0.109050632691395,0.109119759749870
304,287,1,9,10,0.825000000000,1.16913429511,1.43090880213,1.53936982947559e-08,0.280285637772566,0.109052741085071,0.109123053952027
305,99,2,-10,10,-0.450000000000,-1.29903810568,1.37477270849,1.53936995226170e-08,0.228707289205467,0.0802781406469580,0.0717232722112299
306,296,2,8,10,0.900000000000,1.03923048454,1.37477270849,1.53936982947559e-08,0.228710479553185,0.0802797068136800,0.0717253674792207
307,120,3,-10,10,-0.300000000000,-1.29903810568,1.33322916260,1.53936995226170e-08,0.204013200698918,0.0764090632134477,0.0580925094567927
308,304,3,7,10,0.975000000000,0.909326673974,1.33322916260,1.53936982947560e-08,0.204015780415466,0.0764103851132838,0.0580940505325397
309,141,4,-10,10,-0.150000000000,-1.29903810568,1.30766968306,1.53936995226170e-08,0.194298981952614,0.0765223451454575,0.0533303379876887
310,311,4,6,10,1.05000000000,0.779422863406,1.30766968306,1.53936982947560e-08,0.194301022469498,0.0765233256649404,0.0533314946036123
311,162,5,-10,10,0.00000000000,-1.29903810568,1.29903810568,1.53936995226170e-08,0.191801834679409,0.0766430361000721,0.0521446976266391
312,317,5,5,10,1.12500000000,0.649519052838,1.29903810568,1.53936982947559e-08,0.191803317604497,0.0766436264634762,0.0521455042463059
313,183,6,-10,10,0.150000000000,-1.29903810568,1.30766968306,1.53936995226170e-08,0.194299313233774,0.0765226897461023,0.0533305599099696
314,322,6,4,10,1.20000000000,0.519615242271,1.30766968306,1.53936982947560e-08,0.194300326734299,0.0765229265531896,0.0533310886836818
315,204,7,-10,10,0.300000000000,-1.29903810568,1.33322916260,1.53936995226170e-08,0.204013739174918,0.0764096147060741,0.0580928837670478
316,326,7,3,10,1.27500000000,0.389711431703,1.33322916260,1.53936982947560e-08,0.204014439796803,0.0764096271081495,0.0580932374264384
317,225,8,-10,10,0.450000000000,-1.29903810568,1.37477270849,1.53936995226170e-08,0.228707809963540,0.0802787354156761,0.0717236813946705
318,329,8,2,10,1.35000000000,0.259807621135,1.37477270849,1.53936982947559e-08,0.228708475687910,0.0802786952786777,0.0717240482826809
319,246,9,-10,10,0.600000000000,-1.29903810568,1.43090880213,1.53936995226170e-08,0.280281845388465,0.109051056642681,0.109120042788043
320,331,9,1,10,1.42500000000,0.129903810568,1.43090880213,1.53936982947560e-08,0.280282791433688,0.109051282960594,0.109120743273968
321,267,10,-10,10,0.750000000000,-1.29903810568,1.50000000000,1.53936990654672e-08,0.346046113002006,0.231257204811439,0.205797768132723
322,278,10,-9,10,0.825000000000,-1.16913429511,1.43090880213,1.53936982947559e-08,0.280281643297299,0.109050847774676,0.109119856516099
323,288,10,-8,10,0.900000000000,-1.03923048454,1.37477270849,1.53936982947560e-08,0.228707591295296,0.0802784825362373,0.0717235115988795
324,297,10,-7,10,0.975000000000,-0.909326673974,1.33322916260,1.53936982947559e-08,0.204013634020753,0.0764094572205400,0.0580928028310457
325,305,10,-6,10,1.05000000000,-0.779422863406,1.30766968306,1.53936982947560e-08,0.194299441653722,0.0765226790154747,0.0533306223451326
326,312,10,-5,10,1.12500000000,-0.649519052838,1.29903810568,1.53936982947559e-08,0.191802260662699,0.0766432727121399,0.0521449427812040
327,318,10,-4,10,1.20000000000,-0.519615242271,1.30766968306,1.53936982947559e-08,0.194299721692916,0.0765228670315965,0.0533307914219227
328,323,10,-3,10,1.27500000000,-0.389711431703,1.33322916260,1.53936982947560e-08,0.204014188464051,0.0764097828563015,0.0580931420123684
329,327,10,-2,10,1.35000000000,-0.259807621135,1.37477270849,1.53936982947560e-08,0.228708424310361,0.0802789422549293,0.0717240707997031
330,330,10,-1,10,1.42500000000,-0.129903810568,1.43090880213,1.53936982947559e-08,0.280282777525827,0.109051461814254,0.109120793897122
331,332,10,0,10,1.50000000000,0.00000000000,1.50000000000,1.53936994958207e-08,0.346047538380322,0.231258204579026,0.205799477330411
