case,metric,peec_value,comsol_value,comsol_source,diff,unit,tolerance,verdict,note
straight,"Rac_mohm",14.3572297964,14.8996775798,"Q2_Circular_COMSOL/results_summary.json:Rac_mohm",-3.640667931,%,"期望 -3.9058 ± 0.3 pp",PASS,""
twist,"Rac_mohm",14.0359392795,14.4011818996,"Q2_RegularTwist_COMSOL/results_summary.json:Rac_mohm_per_axial_m",-2.536198922,%,"期望 -2.5362 ± 0.3 pp",PASS,"注：任务/协议写的 14.4011818996657 与 JSON 的 14.401181899567101 差 1e-10，两种取法偏差均四舍五入到 -2.5362%"
straight,"J_peec(ratio)",4.24299570015,4.40330542878,"Q2_Circular_COMSOL/results_summary.json:Rac_over_Rdc",-3.640667931,pp,"与 Rac 偏差同源（|ΔJ-ΔRac| <= 0.1pp，证分母 Rdc 同口径）",PASS,"J=Rac/Rdc；PEEC 低于 COMSOL 的 3.64% 正是未解析股内邻近项的系统差，属预期"
twist,"J_peec(ratio)",4.08675689552,4.19310231113,"Q2_RegularTwist_COMSOL/results_summary.json:Rac_over_Rdc",-2.536198922,pp,"与 Rac 偏差同源（|ΔJ-ΔRac| <= 0.1pp）",PASS,"J_peec=4.086757 与交接文档一致；偏差 -2.54% 为预期系统差"
straight,"eta_I_percent",330.94177892,328.02480988,"Q2_Circular_COMSOL/results_summary.json:eta_magnitude_percent",2.91696904,pp,"|差| <= 3.0 pp",PASS,"COMSOL eta_magnitude_percent（幅值口径）"
twist,"eta_I_percent",318.893470542,321.30142785,"Q2_RegularTwist_COMSOL/results_summary.json:max_phasor_deviation_from_equal_current_percent",-2.407957308,pp,"|差| <= 3.0 pp",PASS,"COMSOL max_phasor_deviation_from_equal_current_percent（相量口径，该例唯一发布量）"
straight,"eta_I_percent（另一口径：复数）",342.190047667,338.187231595,"Q2_Circular_COMSOL/results_summary.json:eta_complex_percent",4.002816072,pp,"披露用（不参与 gate）",PASS,"与幅值口径并列披露"
twist,"eta_I_percent（另一口径：幅值）",307.433132411,311.347673882,"Q2_RegularTwist_COMSOL/strand_currents_200kHz.csv 复算 eta_magnitude",-3.914541471,pp,"披露用（不参与 gate）",PASS,"该例 JSON 未发布幅值口径 eta，故复算"
straight,"center_current_mA",0.767868188879,0.540183491549,"Q2_Circular_COMSOL/results_summary.json:center_current_mA",0.2276846973,mA,"|差| <= 0.50 mA",PASS,"中心股被邻近效应压制，量级 <1 mA"
twist,"center_current_mA",3.78915287304,3.68394164648,"Q2_RegularTwist_COMSOL/results_summary.json:center_current_rms_mA",0.1052112266,mA,"|差| <= 0.50 mA",PASS,"绞合后中心股电流回升一个量级（0.54 -> 3.68 mA）"
straight,"outer_loss_share_percent",79.3872463659,80.7533703948,"Q2_Circular_COMSOL/results_summary.json:outer_loss_percent",-1.366124029,pp,"|差| <= 3.0 pp",PASS,"最外环 60 股损耗占比"
twist,"outer_loss_share_percent",78.7141830893,79.6704288519,"Q2_RegularTwist_COMSOL/results_summary.json:outer_loss_share_percent",-0.9562457626,pp,"|差| <= 3.0 pp",PASS,""
straight,"P_intra_W_m",0.401579942856,0.395801880624,"Q2_Circular_COMSOL/results_summary.json:within_strand_excess_loss_W_per_m",1.459836983,%rel,"相对差 <= 10%",PASS,"J_full 内核验：/4 常量（RMS 场约定）"
straight,"P_peec_W_m（披露）",5.74289191855,5.95987103192,"Q2_Circular_COMSOL/results_summary.json:loss_W_per_m",-3.640667931,%,"披露用（方向判据的对象）",PASS,"PEEC P_peec 不含股内邻近项，系统性低于 COMSOL 总铜损"
straight,"P_total_W_m（披露，含解析 P_intra）",6.14447186141,5.95987103192,"Q2_Circular_COMSOL/results_summary.json:loss_W_per_m",3.097396378,%,"披露用",PASS,"补上解析股内邻近项后略高于 COMSOL（均匀场低频展开的已知偏差），方向判据只对 Rac_peec/P_peec 生效"
hexagonal,"Rac_err_percent (Q2表 vs 本实测)",-3.90576855903,NaN,"Question/PEEC/peec_vs_comsol_summary.csv:Rac_err_percent",NaN,pp,"|差| < 1e-6 pp（逐位复现）",FAIL,"Q2表权威值对比；hexagonal 行即任务误引的 -3.9058%"
hexagonal,"eta_cplx_peec (Q2表)",615.772804548,,,,pp,"披露用",INFO,""
hexagonal,"eta_cplx_comsol (Q2表)",,608.232954152,"Question/PEEC/peec_vs_comsol_summary.csv",,pp,"披露用",INFO,""
circular,"Rac_err_percent (Q2表 vs 本实测)",-3.64066793097,-3.64066793061,"Question/PEEC/peec_vs_comsol_summary.csv:Rac_err_percent",3.59472e-10,pp,"|差| < 1e-6 pp（逐位复现）",PASS,"Q2表权威值对比；hexagonal 行即任务误引的 -3.9058%"
circular,"eta_cplx_peec (Q2表)",342.190047673,,,,pp,"披露用",INFO,""
circular,"eta_cplx_comsol (Q2表)",,338.187231595,"Question/PEEC/peec_vs_comsol_summary.csv",,pp,"披露用",INFO,""
twist,"Rac_err_percent (Q2表 vs 本实测)",-2.536198923,-2.53619892197,"Question/PEEC/peec_vs_comsol_summary.csv:Rac_err_percent",1.02976e-09,pp,"|差| < 1e-6 pp（逐位复现）",PASS,"Q2表权威值对比；hexagonal 行即任务误引的 -3.9058%"
twist,"eta_cplx_peec (Q2表)",318.893470547,,,,pp,"披露用",INFO,""
twist,"eta_cplx_comsol (Q2表)",,321.30142785,"Question/PEEC/peec_vs_comsol_summary.csv",,pp,"披露用",INFO,""
