scheme,K,K_effective,set_kind,Rac_peec_mohm,J_peec,J_full,P_total_W_m,eta_I_percent,eta_I_cplx_percent,clamped_pair_fraction,min_center_dist_um,sbar_mean,center_current_mA,outer_loss_share_percent,Rac_adj_chg_pct,J_adj_chg_pct,P_adj_chg_pct,status,note
braid,8,8,spec,4.33170867463,1.20758058062,2.64361800911,3.79316568888,40.87125447,92.18596288,0,150,1.060097907,62.68094319,18.40502027,NaN,NaN,NaN,ok,""
braid,16,16,spec,4.22388410724,1.1775205996,2.61567684944,3.75307773903,29.64555147,73.32559816,0,150,1.060097907,66.44067231,17.9832877,-2.489192499,-2.489273305,-1.056846791,ok,""
braid,32,32,spec,4.0787590195,1.13706193482,2.57921960257,3.70077122278,15.95655105,30.78150052,0,150,1.060097907,65.17504459,17.86054461,-3.435820777,-3.435919915,-1.393696584,ok,""
annulus_braid,8,NA,spec,NaN,NaN,NaN,NaN,NaN,NaN,NaN,NaN,NaN,NaN,NaN,NaN,NaN,NaN,BLOCKED,"unknown scheme annulus_braid"
annulus_braid,16,NA,spec,NaN,NaN,NaN,NaN,NaN,NaN,NaN,NaN,NaN,NaN,NaN,NaN,NaN,NaN,BLOCKED,"unknown scheme annulus_braid"
annulus_braid,32,NA,spec,NaN,NaN,NaN,NaN,NaN,NaN,NaN,NaN,NaN,NaN,NaN,NaN,NaN,NaN,BLOCKED,"unknown scheme annulus_braid"
braid,64,64,diag,4.04500048494,1.12765059158,2.57063811883,3.68845900137,9.115446059,14.16860225,0,150,1.060097907,62.41673216,17.93840851,-0.8276668074,-0.8276895875,-0.3326933948,ok,""
braid,128,128,diag,4.04146159598,1.12666401347,2.56970879466,3.68712563189,9.412567612,12.64136859,0,150,1.060097907,61.80835604,17.97970212,-0.08748797375,-0.08748969932,-0.03614977082,ok,""
braid,256,256,diag,4.03972507604,1.12617990497,2.56924100841,3.68645445802,8.73348385,11.05464697,0,150,1.060097907,61.40748352,17.97877145,-0.04296762208,-0.04296831083,-0.01820317331,ok,""
