W,rin_frac,J_peec,eta_pct,D_O,sbar,mind_um,bend_d,d_um
8,0.3,1.03322091523958,2.68467710529905,0.0198317314381271,1.01611033655724,9.90257004688561e-13,96.5323651930583,125.634236171395
12,0.3,1.07328639483498,2.95736155998993,0.0198317314381271,1.03563266682039,1.74743954648607e-12,55.3936753811994,125.634236171395
16,0.3,1.12854588149927,1.33451608706989,0.0198317314381271,1.06195865962468,1.98051400937712e-12,40.0239667603624,125.634236171395
20,0.3,1.19820259583899,2.70722002778738,0.0198317314381271,1.09424312333624,9.36562937161233e-12,32.7371852884453,125.634236171395
28,0.3,1.3769442775562,2.3228408354505,0.0198317314381271,1.17302656623077,1.78296312002493e-11,24.5011032572688,125.634236171395
40,0.3,1.72685313191121,1.98883171617012,0.0198317314381271,1.31363689845853,1.87312587432247e-11,18.6954060923366,125.634236171395
8,0.45,1.03656478245188,2.53359926936633,0.0161637937031493,1.01775554787152,1.00812237201692e-12,97.5109085736323,125.634236171395
12,0.45,1.08084907612613,2.85924116297365,0.0161637937031493,1.03927542424068,1.96596503863111e-12,55.6438680262444,125.634236171395
16,0.45,1.14200416480403,1.1792291436895,0.0161637937031493,1.06827448364798,2.01624474403384e-12,40.1240446722941,125.634236171395
20,0.45,1.21923522110681,2.60924733895042,0.0161637937031493,1.10380576182268,1.05368451494601e-11,32.7890806869119,125.634236171395
28,0.45,1.41797514988539,2.22367905851446,0.0161637937031493,1.1903760254972,1.81512981101662e-11,24.5021229684858,125.634236171395
40,0.45,1.80880939620709,1.86091462139282,0.0161637937031493,1.34444998918533,2.10736902989202e-11,18.6958132683401,125.634236171395
