side,N,P_mm,d_um,J_peec,eta_pct,D_O,sbar,mind_um,min_bend_d,max_angle_deg
20,400,100,138.197659788534,2.43007968170723,2.77944752548657,0.11296875,1.55780710070958,169.705627488229,0.354490770201654,51.9622363480998
20,400,166.6666667,138.197659788534,1.51628425768091,1.14517240512378,0.1090625,1.23072398909619,169.705627488229,0.354490770201654,37.4854115885006
20,400,250,138.197659788534,1.2302387955577,0.421327038086474,0.1090625,1.10860476446271,169.705627488229,0.354490770201654,27.0798288436858
20,400,333.3333333,138.197659788534,1.1300064395337,0.261267629760863,0.1090625,1.06248731191071,169.705627488229,0.354490770201654,20.9798841427916
20,400,500,138.197659788534,1.05835702462387,0.212692212008263,0.1090625,1.02825223995951,169.705627488229,0.354490770201654,14.3400224868767
22,484,100,125.634236171395,2.18092547957965,1.76476247010363,0.0794808884297521,1.47618108307888,153.842315905902,0.353490040645033,49.2053346259672
22,484,166.6666667,125.634236171395,1.42622955384115,0.634597396049678,0.0794808884297521,1.19383090521618,153.842315905902,0.353490040645033,34.8084769418781
22,484,250,125.634236171395,1.18997665273515,0.238445822342243,0.0755746384297521,1.09048828009345,153.842315905902,0.353490040645033,24.8673312835083
22,484,333.3333333,125.634236171395,1.10720038923465,0.152764501383118,0.0794808884297521,1.05187773370004,153.842315905902,0.353490040645033,19.1684111051011
22,484,500,125.634236171395,1.04803727605999,0.130341477372582,0.0755746384297521,1.02338862706841,153.842315905902,0.353490040645033,13.04773226033
