ring,radius_mm,count,current_mean_rms_mA,current_min_rms_mA,current_max_rms_mA,mean_real_current_mA,mean_imag_current_mA,copper_loss_W,copper_loss_share_percent,length_factor
0,0.0,1,3.6839416464828147,3.6839416464828147,3.6839416464828147,3.61764745173434,-0.695739153455195,0.000350480444333187,0.006084230564807379,1.0
1,0.15,6,3.9006602865992517,3.900658520946015,3.900663016612553,3.87399927503851,-0.45528045033090137,0.0021135152131666487,0.036689961072148405,1.0002775441084146
2,0.3,12,4.353902253746531,4.350311988174096,4.357493081126021,4.353412227510358,0.06376721954226046,0.004274238828443941,0.07419944519524409,1.0011097147616963
3,0.44999999999999996,18,4.617923646226922,4.614030542808807,4.619873481263118,4.48256599247892,1.1098561575636132,0.006453004793518188,0.11202213885077013,1.002495130775233
4,0.6,24,4.166449110166649,4.1627604395126205,4.169739810378445,3.1797071614959744,2.6923484219449416,0.008493321229882165,0.14744139212072818,1.0044315028716395
5,0.75,30,3.2239671180747553,3.218219232192692,3.228505947890218,-1.0211291577516164,3.057980408135324,0.01041508049923402,0.18080253016378817,1.0069156524699732
6,0.8999999999999999,36,8.099384496719576,8.08498113203097,8.113779844090088,-7.633644722852507,-2.7069344347525632,0.015007371300303933,0.2605232578281009,1.009943537487223
7,1.05,42,22.82016955116607,22.792274347870507,22.84534206692419,-8.362369646197353,-21.23277902754216,0.040727675809840234,0.7070196754265305,1.0135102846693282
8,1.2,48,53.23553220097253,53.19221498977046,53.278815635013096,19.599650355637618,-49.49621742573305,0.18148619702076668,3.150543446454554,1.017610227859332
9,1.3499999999999999,54,115.66376699521142,115.61920915350316,115.70571575104127,105.75935715851075,-46.8301683959651,0.9017585230446609,15.654245070427079,1.022236951519785
10,1.5,60,248.49539958664687,248.44247623367863,248.5484434330031,229.47957261268598,95.33671531067864,4.589393351682123,79.67042885189622,1.0273833387573148
