strand_id,domain_id,radial_ring,ring_index,x_mm,y_mm,radius_mm,area_m2,I_real_rms_A,I_imag_rms_A,loss_W_per_m,I_magnitude_rms_mA,phase_deg,length_factor
1.0,162.0,0.0,0.0,0.0,0.0,0.0,1.53937206781869e-08,0.00361764745173434,-0.000695739153455195,0.000350480444333187,3.6839416464828147,-10.886103158613565,1.0
2.0,183.0,1.0,0.0,0.15,0.0,0.15,1.53979936036187e-08,0.00387399939742549,-0.00045528110524754,0.00035225275485411,3.900660484590844,-6.702783013498202,1.0002775441084146
3.0,174.0,1.0,1.0,0.075,0.129903810568,0.15,1.53979935640194e-08,0.00387400200350188,-0.000455280623387779,0.000352252783699881,3.900663016612553,-6.702771515972256,1.0002775441084146
4.0,153.0,1.0,2.0,-0.075,0.129903810568,0.15,1.53979775328167e-08,0.00387399918828884,-0.000455279797017502,0.000352252120776822,3.9006601241885828,-6.702764287147004,1.0002775441084146
5.0,141.0,1.0,3.0,-0.15,1.83697019872e-17,0.15,1.53979780466849e-08,0.00387399752416173,-0.000455280221201776,0.000352252129082234,3.900658520946015,-6.7027733283584885,1.0002775441084146
6.0,152.0,1.0,4.0,-0.075,-0.129903810568,0.15,1.53979924718101e-08,0.00387399910228464,-0.000455280399567097,0.000352252699762587,3.9006601091010444,-6.702773224796502,1.0002775441084146
7.0,173.0,1.0,5.0,0.075,-0.129903810568,0.15,1.53979931770557e-08,0.00387399843456848,-0.000455280555563714,0.000352252724991015,3.9006594641564702,-6.702776645296441,1.0002775441084146
8.0,204.0,2.0,0.0,0.3,0.0,0.3,1.54107744765178e-08,0.00435003143413928,4.95532053277827e-05,0.000356154886938225,4.3503136666403845,0.6526543014013625,1.0011097147616963
9.0,197.0,2.0,1.0,0.259807621135,0.15,0.3,1.5410776821047e-08,0.00435679093776767,7.79800666909327e-05,0.000356218229889677,4.357488745391733,1.0253996009430815,1.0011097147616963
10.0,185.0,2.0,2.0,0.15,0.259807621135,0.3,1.54107744765178e-08,0.00435003622009101,4.95552949091293e-05,0.000356154934421156,4.350318476083931,0.6526811024093913,1.0011097147616963
11.0,168.0,2.0,3.0,1.83697019872e-17,0.3,0.3,1.5410776821047e-08,0.00435679524886401,7.79814820142468e-05,0.000356218273069327,4.357493081126021,1.025417193330391,1.0011097147616963
12.0,143.0,2.0,4.0,-0.15,0.259807621135,0.3,1.54107744765178e-08,0.00435003829648134,4.95572291530926e-05,0.000356154955239404,4.3503205743732964,0.6527062641490622,1.0011097147616963
13.0,132.0,2.0,5.0,-0.259807621135,0.15,0.3,1.5410776821047e-08,0.00435679433099758,7.79816358570917e-05,0.000356218264238582,4.357492166159751,1.0254194318381187,1.0011097147616963
14.0,122.0,2.0,6.0,-0.3,3.67394039744e-17,0.3,1.54107744765178e-08,0.00435003455575893,4.95545926223581e-05,0.000356154917593244,4.350316803860009,0.6526721032480785,1.0011097147616963
15.0,131.0,2.0,7.0,-0.259807621135,-0.15,0.3,1.5410776821047e-08,0.00435678960143975,7.79786290391188e-05,0.000356218216772227,4.357487383550336,1.0253810150043727,1.0011097147616963
16.0,142.0,2.0,8.0,-0.15,-0.259807621135,0.3,1.54107744765178e-08,0.00435003108616811,4.95536302180431e-05,0.000356154883789818,4.350313323531616,0.6526599492564575,1.0011097147616963
17.0,167.0,2.0,9.0,-5.51091059616e-17,-0.3,0.3,1.5410776821047e-08,0.00435678768026285,7.79797371632828e-05,0.000356218199039587,4.357485482511468,1.0253960352503744,1.0011097147616963
18.0,184.0,2.0,10.0,0.15,-0.259807621135,0.3,1.54107744765178e-08,0.00435002975750766,4.95530347113681e-05,0.00035615487021239,4.350311988174096,0.652652305974571,1.0011097147616963
19.0,196.0,2.0,11.0,0.259807621135,-0.15,0.3,1.5410776821047e-08,0.00435678758064611,7.79780968006786e-05,0.000356218197240303,4.357485353555745,1.0253744933163136,1.0011097147616963
20.0,225.0,3.0,0.0,0.45,0.0,0.45,1.54321011142124e-08,0.00448094132356415,0.00110021141546353,0.000358464035401736,4.6140329760352925,13.795015446698493,1.002495130775233
21.0,218.0,3.0,1.0,0.422861679354,0.153909064497,0.45,1.54321034927624e-08,0.00448337589183531,0.00111467654851015,0.000358518351840999,4.619866144737157,13.96203854301422,1.002495130775233
22.0,210.0,3.0,2.0,0.344719999404,0.289254424359,0.45,1.54321034927624e-08,0.00448337796115552,0.00111467820837789,0.000358518376472311,4.619868553412269,13.962052328433957,1.002495130775233
23.0,195.0,3.0,3.0,0.225,0.389711431703,0.45,1.54321011142124e-08,0.0044809465554735,0.00110021786979807,0.000358464105034699,4.614039596062526,13.795077791224069,1.002495130775233
24.0,176.0,3.0,4.0,0.0781416799501,0.443163488855,0.45,1.54321034927623e-08,0.00448338185159538,0.00111468206062386,0.000358518426573451,4.619873258379658,13.962087051025554,1.002495130775233
25.0,155.0,3.0,5.0,-0.0781416799501,0.443163488855,0.45,1.54321034927624e-08,0.0044833813351024,0.0011146850617702,0.000358518429494584,4.619873481263118,13.962124717193488,1.002495130775233
26.0,134.0,3.0,6.0,-0.225,0.389711431703,0.45,1.54321011142124e-08,0.00448094689457417,0.00110022495313835,0.000358464126964762,4.6140416144094525,13.795162208742044,1.002495130775233
27.0,121.0,3.0,7.0,-0.344719999404,0.289254424359,0.45,1.54321034927624e-08,0.00448338081444503,0.00111468519164882,0.000358518424784329,4.619873007325521,13.96212783835956,1.002495130775233
28.0,105.0,3.0,8.0,-0.422861679354,0.153909064497,0.45,1.54321034927624e-08,0.00448337992890035,0.00111468069572931,0.000358518404148563,4.619871063168114,13.962076377068435,1.002495130775233
29.0,103.0,3.0,9.0,-0.45,5.51091059616e-17,0.45,1.54321011142124e-08,0.00448094439465503,0.0011002141302409,0.00035846407338415,4.614036605876906,13.795039092149192,1.002495130775233
30.0,104.0,3.0,10.0,-0.422861679354,-0.153909064497,0.45,1.54321034927624e-08,0.00448337732197711,0.00111467295261886,0.000358518356842837,4.619866665015203,13.961990984697428,1.002495130775233
31.0,120.0,3.0,11.0,-0.344719999404,-0.289254424359,0.45,1.54321034927624e-08,0.004483375959693,0.00111467260357128,0.000358518342301499,4.619865258760855,13.961990860107624,1.002495130775233
32.0,133.0,3.0,12.0,-0.225,-0.389711431703,0.45,1.54321011142124e-08,0.00448094060585295,0.00110021195653711,0.000358464030219403,4.6140324080449435,13.795024096932305,1.002495130775233
33.0,154.0,3.0,13.0,-0.0781416799501,-0.443163488855,0.45,1.54321034927624e-08,0.00448337403618534,0.00111467426831418,0.000358518327296816,4.619863793747884,13.962016652155537,1.002495130775233
34.0,175.0,3.0,14.0,0.0781416799501,-0.443163488855,0.45,1.54321034927624e-08,0.00448337358619138,0.001114673020753,0.000358518319533759,4.61986305603891,13.962002983492642,1.002495130775233
35.0,194.0,3.0,15.0,0.225,-0.389711431703,0.45,1.54321011142124e-08,0.00448093933702248,0.001100209301859,0.000358464009723649,4.614030542808807,13.794995839740047,1.002495130775233
36.0,209.0,3.0,16.0,0.344719999404,-0.289254424359,0.45,1.54321034927623e-08,0.00448337456497053,0.00111466993037298,0.000358518321160512,4.619863260260241,13.961962859932049,1.002495130775233
37.0,217.0,3.0,17.0,0.422861679354,-0.153909064497,0.45,1.54321034927624e-08,0.00448337550142692,0.00111467066681755,0.000358518332340129,4.619864346737745,13.961968921322704,1.002495130775233
38.0,242.0,4.0,0.0,0.6,0.0,0.6,1.5461908987127e-08,0.00318112902075293,0.00268496246941023,0.00035385721054706,4.162764142828413,40.16530799207076,1.0044315028716395
39.0,241.0,4.0,1.0,0.579555495773,0.155291427062,0.6,1.54619114135193e-08,0.00317976459937002,0.00269258716080083,0.000353890101767291,4.1666447563856766,40.25753271443518,1.0044315028716395
40.0,235.0,4.0,2.0,0.519615242271,0.3,0.6,1.54619114135193e-08,0.00317816267855427,0.00269924794997705,0.00035391601197514,4.169731107255067,40.341604469503686,1.0044315028716395
41.0,224.0,4.0,3.0,0.424264068712,0.424264068712,0.6,1.54619114135193e-08,0.00317976667269515,0.00269259318635697,0.000353890155269053,4.166650232500776,40.25757752296087,1.0044315028716395
42.0,206.0,4.0,4.0,0.3,0.519615242271,0.6,1.5461908987127e-08,0.00318112864878777,0.00268497701153607,0.00035385730054588,4.1627732381929565,40.16546425049405,1.0044315028716395
43.0,187.0,4.0,5.0,0.155291427062,0.579555495773,0.6,1.54619114135193e-08,0.00317976857241987,0.00269259957354904,0.000353890208319584,4.166655809834257,40.257627669051224,1.0044315028716395
44.0,169.0,4.0,6.0,3.67394039744e-17,0.6,0.6,1.54619114135193e-08,0.00317816289061122,0.00269926114464618,0.000353916098756521,4.169739810378445,40.341740774403924,1.0044315028716395
45.0,145.0,4.0,7.0,-0.155291427062,0.579555495773,0.6,1.54619114135193e-08,0.00317975907944824,0.00269260808645095,0.000353890198801594,4.166654066580829,40.257801360933804,1.0044315028716395
46.0,124.0,4.0,8.0,-0.3,0.519615242271,0.6,1.5461908987127e-08,0.00318111678769848,0.00268499087733636,0.000353857308175245,4.162773117569173,40.16571539125307,1.0044315028716395
47.0,113.0,4.0,9.0,-0.424264068712,0.424264068712,0.6,1.54619114135193e-08,0.00317975918579625,0.00269260861318439,0.000353890202494992,4.166654488129582,40.257805943445355,1.0044315028716395
48.0,96.0,4.0,10.0,-0.519615242271,0.3,0.6,1.54619114135193e-08,0.00317816222415778,0.00269926057760398,0.000353916088436464,4.1697389353376195,40.34174076379083,1.0044315028716395
49.0,88.0,4.0,11.0,-0.579555495773,0.155291427062,0.6,1.54619114135193e-08,0.00317976621006982,0.00269259575761247,0.000353890168637613,4.166651541059614,40.25760861688776,1.0044315028716395
50.0,84.0,4.0,12.0,-0.6,7.34788079488e-17,0.6,1.5461908987127e-08,0.00318112923864253,0.00268496847714926,0.000353857251235267,4.162768184301357,40.16536924810507,1.0044315028716395
51.0,87.0,4.0,13.0,-0.579555495773,-0.155291427062,0.6,1.54619114135193e-08,0.00317977236943284,0.00269258316882551,0.000353890130180085,4.16664810638611,40.25742177552069,1.0044315028716395
52.0,95.0,4.0,14.0,-0.519615242271,-0.3,0.6,1.54619114135193e-08,0.00317817154614715,0.00269923874304703,0.000353916014212974,4.16973190609486,40.34142916494496,1.0044315028716395
53.0,112.0,4.0,15.0,-0.424264068712,-0.424264068712,0.6,1.54619114135193e-08,0.00317977033111147,0.00269258073298366,0.000353890101516226,4.166644976747068,40.2574143265738,1.0044315028716395
54.0,123.0,4.0,16.0,-0.3,-0.519615242271,0.6,1.5461908987127e-08,0.00318112789414741,0.00268496087970286,0.000353857193925891,4.162762256538018,40.16530127284232,1.0044315028716395
55.0,144.0,4.0,17.0,-0.155291427062,-0.579555495773,0.6,1.54619114135193e-08,0.00317976757935874,0.00269258135116475,0.000353890085262627,4.166643276233415,40.25744526659739,1.0044315028716395
56.0,166.0,4.0,18.0,-1.10218211923e-16,-0.6,0.6,1.54619114135193e-08,0.00317816684436551,0.00269923831439725,0.000353915978758754,4.1697280449130405,40.34146649811284,1.0044315028716395
57.0,186.0,4.0,19.0,0.155291427062,-0.579555495773,0.6,1.54619114135193e-08,0.00317976755008746,0.00269257970074626,0.000353890074362299,4.166642187356628,40.257428207041535,1.0044315028716395
58.0,205.0,4.0,20.0,0.3,-0.519615242271,0.6,1.5461908987127e-08,0.00318112896991394,0.00268495678802203,0.000353857174345589,4.1627604395126205,40.16524868552448,1.0044315028716395
59.0,223.0,4.0,21.0,0.424264068712,-0.424264068712,0.6,1.54619114135193e-08,0.00317977306423241,0.00269257378452878,0.000353890076369833,4.166642572281622,40.25731712151791,1.0044315028716395
60.0,234.0,4.0,22.0,0.519615242271,-0.3,0.6,1.54619114135193e-08,0.00317817522197879,0.00269923124594469,0.000353915991357265,4.169729854640952,40.34131794880829,1.0044315028716395
61.0,240.0,4.0,23.0,0.579555495773,-0.155291427062,0.6,1.54619114135193e-08,0.00317977469612333,0.002692576531702,0.000353890104628919,4.166645592941472,40.25733144932401,1.0044315028716395
62.0,261.0,5.0,0.0,0.75,0.0,0.75,1.5500149164247e-08,-0.00101413158878872,0.00305426483664996,0.00034712574128619,3.2182287941934056,108.36812072426261,1.0069156524699732
63.0,260.0,5.0,1.0,0.73361070055,0.155933768113,0.75,1.55001516524736e-08,-0.00101897210098175,0.00305695746673556,0.000347156756522017,3.2223117626960702,108.43471736586169,1.0069156524699732
64.0,254.0,5.0,2.0,0.685159093232,0.305052482307,0.75,1.55001516524736e-08,-0.00102678932600741,0.00306084626724086,0.000347203658449381,3.228478928487076,108.54450649992614,1.0069156524699732
65.0,246.0,5.0,3.0,0.606762745781,0.440838939219,0.75,1.55001516524736e-08,-0.00102679020999582,0.00306085111794444,0.000347203693141227,3.2284838084718634,108.54449399480225,1.0069156524699732
66.0,233.0,5.0,4.0,0.501847954769,0.557358619108,0.75,1.55001516524736e-08,-0.00101897847501725,0.00305697008508909,0.000347156865869522,3.2223257491566675,108.43475393621522,1.0069156524699732
67.0,216.0,5.0,5.0,0.375,0.649519052838,0.75,1.5500149164247e-08,-0.0010141496192432,0.00305428373062552,0.000347125933345252,3.218252407343909,108.36831937334983,1.0069156524699732
68.0,199.0,5.0,6.0,0.231762745781,0.713292387221,0.75,1.55001516524736e-08,-0.00101897912210466,0.00305697812980424,0.000347156928458205,3.2223335856777164,108.43471961823373,1.0069156524699732
69.0,178.0,5.0,7.0,0.0783963474507,0.745891421526,0.75,1.55001516524736e-08,-0.00102679910263596,0.00306086668037849,0.000347203833568069,3.228501391083059,108.544555779009,1.0069156524699732
70.0,157.0,5.0,8.0,-0.0783963474507,0.745891421526,0.75,1.55001516524736e-08,-0.00102681399009246,0.00306086649256594,0.000347203878204428,3.228505947890218,108.5448073259481,1.0069156524699732
71.0,136.0,5.0,9.0,-0.231762745781,0.713292387221,0.75,1.55001516524736e-08,-0.00101901715559066,0.00305698066356725,0.000347157063163606,3.2223480167126803,108.43534693293881,1.0069156524699732
72.0,115.0,5.0,10.0,-0.375,0.649519052838,0.75,1.5500149164247e-08,-0.00101419423829093,0.00305428977280197,0.000347126115647352,3.2182722024753017,108.36903936777796,1.0069156524699732
73.0,102.0,5.0,11.0,-0.501847954769,0.557358619108,0.75,1.55001516524736e-08,-0.0010190147328878,0.0030569813167711,0.000347157060144843,3.2223478702539188,108.43530239325028,1.0069156524699732
74.0,86.0,5.0,12.0,-0.606762745781,0.440838939219,0.75,1.55001516524736e-08,-0.00102681160992871,0.00306086724138437,0.000347203876646876,3.2285059008253887,108.54476305231718,1.0069156524699732
75.0,77.0,5.0,13.0,-0.685159093232,0.305052482307,0.75,1.55001516524736e-08,-0.00102679944806811,0.00306086347437034,0.00034720380799448,3.2284984614039143,108.54457968656865,1.0069156524699732
76.0,71.0,5.0,14.0,-0.73361070055,0.155933768113,0.75,1.55001516524736e-08,-0.00101897993106166,0.00305696952007903,0.000347156865349113,3.2223256735778025,108.4347816743248,1.0069156524699732
77.0,69.0,5.0,15.0,-0.75,4.24915417324e-16,0.75,1.5500149164247e-08,-0.00101414191103932,0.00305427253281158,0.000347125830351241,3.2182393510138034,108.36825195575335,1.0069156524699732
78.0,70.0,5.0,16.0,-0.73361070055,-0.155933768113,0.75,1.55001516524736e-08,-0.00101895664817511,0.00305696174107769,0.000347156739997599,3.2223109311909983,108.43443266623476,1.0069156524699732
79.0,76.0,5.0,17.0,-0.685159093232,-0.305052482307,0.75,1.55001516524736e-08,-0.00102675872306775,0.00306084719438189,0.000347203565955033,3.2284700746253177,108.54398635539421,1.0069156524699732
80.0,85.0,5.0,18.0,-0.606762745781,-0.440838939219,0.75,1.55001516524736e-08,-0.00102675896500493,0.00306084541047103,0.000347203549497227,3.228468460279512,108.54400049477756,1.0069156524699732
81.0,101.0,5.0,19.0,-0.501847954769,-0.557358619108,0.75,1.55001516524736e-08,-0.00101895590761333,0.00305695469362749,0.000347156684389458,3.222304011193116,108.43445979965466,1.0069156524699732
82.0,114.0,5.0,20.0,-0.375,-0.649519052838,0.75,1.5500149164247e-08,-0.00101413383479471,0.00305426137338901,0.00034712572406309,3.2182262151457826,108.36817810363848,1.0069156524699732
83.0,135.0,5.0,21.0,-0.231762745781,-0.713292387221,0.75,1.55001516524736e-08,-0.00101896036136817,0.00305695376553219,0.000347156694078719,3.2223045390901506,108.43454014657863,1.0069156524699732
84.0,156.0,5.0,22.0,-0.0783963474507,-0.745891421526,0.75,1.55001516524736e-08,-0.00102676714139676,0.00306084327800956,0.000347203564057139,3.22846903890813,108.54415010348536,1.0069156524699732
85.0,177.0,5.0,23.0,0.0783963474507,-0.745891421526,0.75,1.55001516524736e-08,-0.00102676664661199,0.00306084168145605,0.000347203549351609,3.228467367890456,108.54415078968223,1.0069156524699732
86.0,198.0,5.0,24.0,0.231762745781,-0.713292387221,0.75,1.55001516524735e-08,-0.00101895730077684,0.0030569513958314,0.000347156664589771,3.2223013231667164,108.43450184290631,1.0069156524699732
87.0,215.0,5.0,25.0,0.375,-0.649519052838,0.75,1.5500149164247e-08,-0.00101412574909519,0.00305425670032449,0.000347125665413842,3.218219232192692,108.36806770092387,1.0069156524699732
88.0,232.0,5.0,26.0,0.501847954769,-0.557358619108,0.75,1.55001516524736e-08,-0.00101894296676024,0.00305694858673103,0.000347156602949724,3.2222941255302873,108.43427584248532,1.0069156524699732
89.0,245.0,5.0,27.0,0.606762745781,-0.440838939219,0.75,1.55001516524736e-08,-0.0010267426961657,0.00306083950387799,0.000347203460218097,3.2284576863619683,108.54376009841758,1.0069156524699732
90.0,253.0,5.0,28.0,0.685159093232,-0.305052482307,0.75,1.55001516524736e-08,-0.00102674223270528,0.00306084147888904,0.000347203472124019,3.2284594114388785,108.543741153241,1.0069156524699732
91.0,259.0,5.0,29.0,0.73361070055,-0.155933768113,0.75,1.55001516524736e-08,-0.00101894299727807,0.00305695611164113,0.000347156654406891,3.2223012739658703,108.43423404732988,1.0069156524699732
92.0,280.0,6.0,0.0,0.9,0.0,0.9,1.55467594218664e-08,-0.00762094639205546,-0.00269969012653831,0.000416589248311762,8.084995404445916,-160.49351039464318,1.009943537487223
93.0,279.0,6.0,1.0,0.886326977711,0.1562833599,0.9,1.55467619860708e-08,-0.00762732844763117,-0.00270329083703496,0.000416730752346938,8.092213578350544,-160.4845679883673,1.009943537487223
94.0,273.0,6.0,2.0,0.845723358707,0.307818128993,0.9,1.55467619860707e-08,-0.00763999083696113,-0.00271057687919907,0.00041701254928275,8.10658294270148,-160.4659269019299,1.009943537487223
95.0,269.0,6.0,3.0,0.779422863406,0.45,0.9,1.55467619860707e-08,-0.00764628129769017,-0.00271425272303228,0.000417153158648562,8.113740538610697,-160.45631646861142,1.009943537487223
96.0,256.0,6.0,4.0,0.689439998807,0.578508848718,0.9,1.55467619860708e-08,-0.0076399993602998,-0.00271056871383529,0.000417012650424563,8.106588245236344,-160.4660014341516,1.009943537487223
97.0,244.0,6.0,5.0,0.578508848718,0.689439998807,0.9,1.55467619860707e-08,-0.00762735266337981,-0.00270328103360035,0.000416731147236768,8.092233128017906,-160.48469068909236,1.009943537487223
98.0,227.0,6.0,6.0,0.45,0.779422863406,0.9,1.55467594218664e-08,-0.00762099477651107,-0.00269968822608783,0.000416590151236437,8.085040377245265,-160.49363758284738,1.009943537487223
99.0,208.0,6.0,7.0,0.307818128993,0.845723358707,0.9,1.55467619860707e-08,-0.00762736043506524,-0.00270327102564885,0.000416731222862108,8.092237110003092,-160.48477586002033,1.009943537487223
100.0,189.0,6.0,8.0,0.1562833599,0.886326977711,0.9,1.55467619860708e-08,-0.00764001943423496,-0.00271055837064407,0.000417012975606373,8.106603705384675,-160.46611776938954,1.009943537487223
101.0,170.0,6.0,9.0,5.51091059616e-17,0.9,0.9,1.55467619860707e-08,-0.00764632375157863,-0.00271425062299101,0.000417153950707243,8.113779844090088,-160.45643073108533,1.009943537487223
102.0,147.0,6.0,10.0,-0.1562833599,0.886326977711,0.9,1.55467619860708e-08,-0.00764006394635405,-0.00271059372046941,0.000417014043821998,8.106657475299372,-160.4659874969627,1.009943537487223
103.0,126.0,6.0,11.0,-0.307818128993,0.845723358707,0.9,1.55467619860708e-08,-0.00762743397486863,-0.00270333020259196,0.000416733025483684,8.09232619369895,-160.48455487883996,1.009943537487223
104.0,111.0,6.0,12.0,-0.45,0.779422863406,0.9,1.55467594218664e-08,-0.00762108028782199,-0.00269974894497809,0.000416592182460512,8.08514125537329,-160.49343433568828,1.009943537487223
105.0,94.0,6.0,13.0,-0.578508848718,0.689439998807,0.9,1.55467619860708e-08,-0.00762743145256033,-0.00270332396096026,0.000416732925797416,8.092321731209681,-160.48459056659135,1.009943537487223
106.0,79.0,6.0,14.0,-0.689439998807,0.578508848718,0.9,1.55467619860708e-08,-0.00764005825509932,-0.00271058662982183,0.000417013902592518,8.10664974074248,-160.4660212777587,1.009943537487223
107.0,66.0,6.0,15.0,-0.779422863406,0.45,0.9,1.55467619860708e-08,-0.0076463228287028,-0.00271424505924653,0.000417153889131636,8.113777113181367,-160.4564655761162,1.009943537487223
108.0,60.0,6.0,16.0,-0.845723358707,0.307818128993,0.9,1.55467619860707e-08,-0.0076400170862901,-0.00271056502885323,0.000417012964400772,8.106603718848405,-160.46606787037922,1.009943537487223
109.0,54.0,6.0,17.0,-0.886326977711,0.1562833599,0.9,1.55467619860708e-08,-0.00762735101787614,-0.00270328819258475,0.000416731166624381,8.092233968569143,-160.4846390209251,1.009943537487223
110.0,52.0,6.0,18.0,-0.9,1.10218211923e-16,0.9,1.55467594218664e-08,-0.00762097209390238,-0.00269969801970377,0.000416589789315457,8.085022266736889,-160.49351848810227,1.009943537487223
111.0,53.0,6.0,19.0,-0.886326977711,-0.1562833599,0.9,1.55467619860707e-08,-0.00762731229035772,-0.00270326688926308,0.000416730281070858,8.092190349295302,-160.48468959033838,1.009943537487223
112.0,59.0,6.0,20.0,-0.845723358707,-0.307818128993,0.9,1.55467619860707e-08,-0.00763994216241374,-0.00271053235441569,0.000417011321741785,8.106522182129732,-160.46610845326074,1.009943537487223
113.0,65.0,6.0,21.0,-0.779422863406,-0.45,0.9,1.55467619860707e-08,-0.00764622055173917,-0.00271420242872981,0.000417151648376622,8.113666467754346,-160.45650766682232,1.009943537487223
114.0,78.0,6.0,22.0,-0.689439998807,-0.578508848718,0.9,1.55467619860707e-08,-0.00763993874862337,-0.00271053741178125,0.000417011282466625,8.106520655829023,-160.46606669821082,1.009943537487223
115.0,93.0,6.0,23.0,-0.578508848718,-0.689439998807,0.9,1.55467619860708e-08,-0.00762730082530621,-0.00270327582750364,0.000416730131486049,8.09218252879174,-160.4846028219056,1.009943537487223
116.0,110.0,6.0,24.0,-0.45,-0.779422863406,0.9,1.55467594218664e-08,-0.007620948324221,-0.0026996997179616,0.00041658935143144,8.085000428423537,-160.49345089679227,1.009943537487223
117.0,125.0,6.0,25.0,-0.307818128993,-0.845723358707,0.9,1.55467619860707e-08,-0.00762730776699639,-0.00270328085191057,0.000416730285311358,8.092190750148552,-160.48458570989354,1.009943537487223
118.0,146.0,6.0,26.0,-0.1562833599,-0.886326977711,0.9,1.55467619860707e-08,-0.00763995025487002,-0.00271054890178312,0.00041701158576199,8.106535341676254,-160.46601735477617,1.009943537487223
119.0,165.0,6.0,27.0,-1.65327317885e-16,-0.9,0.9,1.55467619860707e-08,-0.00764623272674153,-0.00271421827993444,0.000417151985929767,8.113683243917245,-160.45643094106063,1.009943537487223
120.0,188.0,6.0,28.0,0.1562833599,-0.886326977711,0.9,1.55467619860708e-08,-0.00763994645761809,-0.00271054926040968,0.000417011503686001,8.106531882894105,-160.46600599209393,1.009943537487223
121.0,207.0,6.0,29.0,0.307818128993,-0.845723358707,0.9,1.55467619860707e-08,-0.00762729675951496,-0.0027032802001548,0.000416730083276378,8.092180157303492,-160.48456402372076,1.009943537487223
122.0,226.0,6.0,30.0,0.45,-0.779422863406,0.9,1.55467594218664e-08,-0.00762092902063544,-0.00269969642140248,0.000416588970166357,8.08498113203097,-160.4934272385654,1.009943537487223
123.0,243.0,6.0,31.0,0.578508848718,-0.689439998807,0.9,1.55467619860707e-08,-0.00762727529612348,-0.00270326620397418,0.000416729576945455,8.092155251377998,-160.4846066622605,1.009943537487223
124.0,255.0,6.0,32.0,0.689439998807,-0.578508848718,0.9,1.55467619860708e-08,-0.00763990664981543,-0.00271052377612962,0.000417010596025996,8.106485845226524,-160.4660816688053,1.009943537487223
125.0,268.0,6.0,33.0,0.779422863406,-0.45,0.9,1.55467619860707e-08,-0.00764618482172355,-0.00271418611823035,0.000417150867379916,8.113627339997194,-160.45653180594206,1.009943537487223
126.0,272.0,6.0,34.0,0.845723358707,-0.307818128993,0.9,1.55467619860708e-08,-0.00763990825175843,-0.00271051374935325,0.000417010539883344,8.106484002372396,-160.46615224390032,1.009943537487223
127.0,278.0,6.0,35.0,0.886326977711,-0.1562833599,0.9,1.55467619860707e-08,-0.00762728077534855,-0.00270325294033285,0.000416729593072113,8.092155984990637,-160.48470813911084,1.009943537487223
128.0,297.0,7.0,0.0,1.05,0.0,1.05,1.56016647413176e-08,-0.00835565181007661,-0.021205463394975,0.000968200471762158,22.79229244650176,-111.5060756289595,1.0135102846693282
129.0,294.0,7.0,1.0,1.03827236754,0.156494379485,1.05,1.56016673791525e-08,-0.0083581851941333,-0.0212158140673485,0.000968770085874105,22.80285127521845,-111.50246355978565,1.0135102846693282
130.0,290.0,7.0,2.0,1.00335144608,0.309492933131,1.05,1.56016673957292e-08,-0.00836384866749578,-0.0212389103883796,0.000970043404104443,22.82641625438364,-111.4944402685184,1.0135102846693282
131.0,286.0,7.0,3.0,0.946017311298,0.455577926073,1.05,1.56016673957292e-08,-0.00836839443983924,-0.0212573508233548,0.000971062598576736,22.84523997527527,-111.48810218780869,1.0135102846693282
132.0,277.0,7.0,4.0,0.867550713032,0.591486060967,1.05,1.56016673957292e-08,-0.00836839208005212,-0.0212573480431933,0.00097106246890038,22.84523652394374,-111.48809923496475,1.0135102846693282
133.0,267.0,7.0,5.0,0.769704465421,0.714181374659,1.05,1.56016673957293e-08,-0.00836387361663852,-0.0212389109842837,0.000970043976990063,22.82642595049494,-111.49449798909141,1.0135102846693282
134.0,252.0,7.0,6.0,0.654664291952,0.820923056591,1.05,1.56016673791525e-08,-0.00835822214422824,-0.0212158361513256,0.000968772111479192,22.802885365939144,-111.50252960176887,1.0135102846693282
135.0,237.0,7.0,7.0,0.525,0.909326673974,1.05,1.56016647413176e-08,-0.00835572088626281,-0.0212055262277036,0.000968205082692444,22.792376228093328,-111.50617927987159,1.0135102846693282
136.0,220.0,7.0,8.0,0.383608075585,0.977417436076,1.05,1.56016673791525e-08,-0.00835824745598915,-0.0212158249372706,0.000968771910518385,22.80288421021477,-111.50259910311844,1.0135102846693282
137.0,201.0,7.0,9.0,0.233646980654,1.02367430779,1.05,1.56016673957292e-08,-0.00836391131029406,-0.0212389082652394,0.000970044523639387,22.826437231984308,-111.49458852316272,1.0135102846693282
138.0,180.0,7.0,10.0,0.0784665982657,1.04706398704,1.05,1.56016673957292e-08,-0.00836845266529126,-0.0212573787478135,0.00097106518242999,22.84528728729874,-111.48821241266934,1.0135102846693282
139.0,159.0,7.0,11.0,-0.0784665982657,1.04706398704,1.05,1.56016673957292e-08,-0.00836845579596058,-0.0212574363869642,0.000971068277837947,22.84534206692419,-111.48816676553278,1.0135102846693282
140.0,138.0,7.0,12.0,-0.233646980654,1.02367430779,1.05,1.56016673957292e-08,-0.00836392830001717,-0.0212390700869095,0.000970053370746595,22.82659402461265,-111.49447937261047,1.0135102846693282
141.0,117.0,7.0,13.0,-0.383608075585,0.977417436076,1.05,1.56016673791525e-08,-0.00835827840106414,-0.0212160509739992,0.000968784381409736,22.803105857777968,-111.50246326792218,1.0135102846693282
142.0,100.0,7.0,14.0,-0.525,0.909326673974,1.05,1.56016647413175e-08,-0.00835576601661373,-0.021205761881078,0.000968218208043947,22.792612019717655,-111.5060676611539,1.0135102846693282
143.0,83.0,7.0,15.0,-0.654664291952,0.820923056591,1.05,1.56016673791525e-08,-0.00835828329668805,-0.0212160346644163,0.00096878350779252,22.803092477762938,-111.50248973355497,1.0135102846693282
144.0,68.0,7.0,16.0,-0.769704465421,0.714181374659,1.05,1.56016673957292e-08,-0.00836393039442198,-0.0212390493698559,0.000970052252598611,22.826575515786683,-111.49450331773997,1.0135102846693282
145.0,56.0,7.0,17.0,-0.867550713032,0.591486060967,1.05,1.56016673957292e-08,-0.00836846811504476,-0.0212574147363808,0.000971067347621033,22.84532643380305,-111.48821540450143,1.0135102846693282
146.0,47.0,7.0,18.0,-0.946017311298,0.455577926073,1.05,1.56016673957292e-08,-0.00836844821254945,-0.0212573697689444,0.000971064706072532,22.84527730144139,-111.4882102703496,1.0135102846693282
147.0,43.0,7.0,19.0,-1.00335144608,0.309492933131,1.05,1.56016673957293e-08,-0.0083638909645021,-0.0212389263065352,0.000970045119909616,22.826446563591823,-111.49452441278895,1.0135102846693282
148.0,37.0,7.0,20.0,-1.03827236754,0.156494379485,1.05,1.56016673791525e-08,-0.00835820396556462,-0.0212158505188104,0.000968772496875894,22.802892070228452,-111.50247387174284,1.0135102846693282
149.0,35.0,7.0,21.0,-1.05,1.2858791391e-16,1.05,1.56016647413176e-08,-0.00835567413232826,-0.0212055211446402,0.000968203894964548,22.792354358895054,-111.50607461621044,1.0135102846693282
150.0,36.0,7.0,22.0,-1.03827236754,-0.156494379485,1.05,1.56016673791525e-08,-0.00835818924288644,-0.0212157649872608,0.000968767623242581,22.80280709506143,-111.50251822740955,1.0135102846693282
151.0,42.0,7.0,23.0,-1.00335144608,-0.309492933131,1.05,1.56016673957292e-08,-0.0083638449281183,-0.0212387727796757,0.000970036146962678,22.826286845834204,-111.49455809668747,1.0135102846693282
152.0,46.0,7.0,24.0,-0.946017311298,-0.455577926073,1.05,1.56016673957293e-08,-0.00836837638250316,-0.0212571674436599,0.000971052659979098,22.845062727141528,-111.48822851961415,1.0135102846693282
153.0,55.0,7.0,25.0,-0.867550713032,-0.591486060967,1.05,1.56016673957292e-08,-0.00836836456110002,-0.0212571731273238,0.000971052760844895,22.84506368545494,-111.48819571046855,1.0135102846693282
154.0,67.0,7.0,26.0,-0.769704465421,-0.714181374659,1.05,1.56016673957292e-08,-0.0083638229433285,-0.0212387855010587,0.000970036420051552,22.826290626979443,-111.49449505085171,1.0135102846693282
155.0,82.0,7.0,27.0,-0.654664291952,-0.820923056591,1.05,1.56016673791525e-08,-0.00835815619411129,-0.0212157664992858,0.00096876712946625,22.80279638810509,-111.5024395738475,1.0135102846693282
156.0,99.0,7.0,28.0,-0.525,-0.909326673974,1.05,1.56016647413176e-08,-0.00835564147758847,-0.0212054897237965,0.00096820157543444,22.79231315439562,-111.5060271995331,1.0135102846693282
157.0,116.0,7.0,29.0,-0.383608075585,-0.977417436076,1.05,1.56016673791525e-08,-0.00835816460311661,-0.0212157783592422,0.000968767795596701,22.80281050487595,-111.50244830936343,1.0135102846693282
158.0,137.0,7.0,30.0,-0.233646980654,-1.02367430779,1.05,1.56016673957292e-08,-0.00836382659416143,-0.0212388133270344,0.000970037899376739,22.82631785544519,-111.49447798525284,1.0135102846693282
159.0,158.0,7.0,31.0,-0.0784665982657,-1.04706398704,1.05,1.56016673957292e-08,-0.00836837433282561,-0.0212572129422467,0.000971054936357682,22.8451043124411,-111.48818193631276,1.0135102846693282
160.0,179.0,7.0,32.0,0.0784665982657,-1.04706398704,1.05,1.56016673957292e-08,-0.00836836591528239,-0.0212572099118564,0.000971054727210389,22.84509840926027,-111.48816507643805,1.0135102846693282
161.0,200.0,7.0,33.0,0.233646980654,-1.02367430779,1.05,1.56016673957292e-08,-0.0083638177196096,-0.0212388065993931,0.000970037425732202,22.82630834395434,-111.49446344622008,1.0135102846693282
162.0,219.0,7.0,34.0,0.383608075585,-0.977417436076,1.05,1.56016673791525e-08,-0.00835814495994274,-0.0212157620894409,0.000968766691968423,22.802788167396855,-111.5024173721757,1.0135102846693282
163.0,236.0,7.0,35.0,0.525,-0.909326673974,1.05,1.56016647413176e-08,-0.00835562289690418,-0.0212054553347323,0.000968199436069001,22.792274347870507,-111.5060154346363,1.0135102846693282
164.0,251.0,7.0,36.0,0.654664291952,-0.820923056591,1.05,1.56016673791525e-08,-0.00835813996472047,-0.0212157114607657,0.000968763851864257,22.80273923142399,-111.50245232316092,1.0135102846693282
165.0,266.0,7.0,37.0,0.769704465421,-0.714181374659,1.05,1.56016673957293e-08,-0.00836379560708483,-0.0212387165170233,0.000970032244228849,22.82621642426904,-111.49449465296003,1.0135102846693282
166.0,276.0,7.0,38.0,0.867550713032,-0.591486060967,1.05,1.56016673957293e-08,-0.00836834131899003,-0.021257096255477,0.000971048241513435,22.8449836429298,-111.48821209355744,1.0135102846693282
167.0,285.0,7.0,39.0,0.946017311298,-0.455577926073,1.05,1.56016673957292e-08,-0.00836833882405807,-0.0212570858735596,0.000971047740341897,22.844973068710864,-111.48821580915097,1.0135102846693282
168.0,289.0,7.0,40.0,1.00335144608,-0.309492933131,1.05,1.56016673957292e-08,-0.00836381112354339,-0.0212386958029885,0.000970031559085942,22.826202836262308,-111.49454994317024,1.0135102846693282
169.0,293.0,7.0,41.0,1.03827236754,-0.156494379485,1.05,1.56016673791525e-08,-0.00835815768535735,-0.0212156967515277,0.000968763563672957,22.802732041272623,-111.50250729753672,1.0135102846693282
170.0,310.0,8.0,0.0,1.2,0.0,1.2,1.56647778980974e-08,0.0195738704535877,-0.0494598646702596,0.00377555614520762,53.19224208222687,-68.40868833249756,1.017610227859332
171.0,309.0,8.0,1.0,1.18973383365,0.156631430664,1.2,1.56647803624398e-08,0.0195815283624912,-0.0494706220285609,0.00377715420939679,53.20506269993282,-68.40528317628011,1.017610227859332
172.0,307.0,8.0,2.0,1.15911099155,0.310582854123,1.2,1.56647806569142e-08,0.0195998069780387,-0.0494963179101471,0.0037809771414889,53.23568277235414,-68.39716967116067,1.017610227859332
173.0,301.0,8.0,3.0,1.10865543901,0.459220118838,1.2,1.56647806569141e-08,0.0196178817301577,-0.0495218954937682,0.00378478610455022,53.26611884560536,-68.38922250037372,1.017610227859332
174.0,296.0,8.0,4.0,1.03923048454,0.6,1.2,1.56647806569142e-08,0.019625320202532,-0.0495324527070512,0.00378635952205594,53.27867363428049,-68.38596685574946,1.017610227859332
175.0,288.0,8.0,5.0,0.952024008349,0.73051371481,1.2,1.56647806569141e-08,0.0196178655841165,-0.0495219009373842,0.00378478562147513,53.266117959999264,-68.38924080362932,1.017610227859332
176.0,275.0,8.0,6.0,0.848528137424,0.848528137424,1.2,1.56647806569141e-08,0.0195997651118653,-0.0494963592950928,0.00378097990388119,53.2357058364892,-68.3972279640272,1.017610227859332
177.0,263.0,8.0,7.0,0.73051371481,0.952024008349,1.2,1.56647803624397e-08,0.0195815096525632,-0.0494707011830461,0.00377716276732882,53.20512941263901,-68.40533328221852,1.017610227859332
178.0,248.0,8.0,8.0,0.6,1.03923048454,1.2,1.56647778980974e-08,0.019573871052635,-0.0494600333786345,0.00377557682104537,53.19239917319788,-68.40875460355956,1.017610227859332
179.0,229.0,8.0,9.0,0.459220118838,1.10865543901,1.2,1.56647803624397e-08,0.0195814758734577,-0.0494707025366895,0.0037771617665245,53.205118239286186,-68.40536764169862,1.017610227859332
180.0,212.0,8.0,10.0,0.310582854123,1.15911099155,1.2,1.56647806569142e-08,0.0195997144864536,-0.0494963734371,0.00378097936691191,53.23570034643442,-68.39728422699115,1.017610227859332
181.0,191.0,8.0,11.0,0.156631430664,1.18973383365,1.2,1.56647806569142e-08,0.019617812362108,-0.0495219761510503,0.00378479238865846,53.266168285132665,-68.38932382450707,1.017610227859332
182.0,171.0,8.0,12.0,7.34788079488e-17,1.2,1.2,1.56647806569141e-08,0.0196253210751429,-0.0495326051017637,0.00378637823474971,53.278815635013096,-68.38602635056982,1.017610227859332
183.0,149.0,8.0,13.0,-0.156631430664,1.18973383365,1.2,1.56647806569141e-08,0.019617961989909,-0.0495221582153318,0.00378482146752593,53.26639265936702,-68.38924631747057,1.017610227859332
184.0,128.0,8.0,14.0,-0.310582854123,1.15911099155,1.2,1.56647806569141e-08,0.0195999587184622,-0.049496722873853,0.00378103301202761,53.23611515706631,-68.39717829603657,1.017610227859332
185.0,107.0,8.0,15.0,-0.459220118838,1.10865543901,1.2,1.56647803624398e-08,0.0195817695009449,-0.0494711399804994,0.00377722806795693,53.2056330453675,-68.40524700770162,1.017610227859332
186.0,92.0,8.0,16.0,-0.6,1.03923048454,1.2,1.56647778980974e-08,0.0195741651756676,-0.0494604938227547,0.0037756461951204,53.19293554143326,-68.40864252820174,1.017610227859332
187.0,75.0,8.0,17.0,-0.73051371481,0.952024008349,1.2,1.56647803624397e-08,0.0195817484193593,-0.0494711209178961,0.00377722492555938,53.20560756191191,-68.4052605613387,1.017610227859332
188.0,62.0,8.0,18.0,-0.848528137424,0.848528137424,1.2,1.56647806569141e-08,0.0195999401707506,-0.0494966715256306,0.00378102613424028,53.23606058691021,-68.39717650944397,1.017610227859332
189.0,49.0,8.0,19.0,-0.952024008349,0.73051371481,1.2,1.56647806569142e-08,0.0196179142683219,-0.0495221165760732,0.00378481414307099,53.26633637123368,-68.38927754502437,1.017610227859332
190.0,39.0,8.0,20.0,-1.03923048454,0.6,1.2,1.56647806569141e-08,0.0196252756619806,-0.0495325746105184,0.00378637206172764,53.27877055972013,-68.38605967550416,1.017610227859332
191.0,32.0,8.0,21.0,-1.10865543901,0.459220118838,1.2,1.56647806569141e-08,0.0196178221599389,-0.0495219641828358,0.00378479106832015,53.26616076671062,-68.38930928495085,1.017610227859332
192.0,28.0,8.0,22.0,-1.15911099155,0.310582854123,1.2,1.56647806569141e-08,0.0195997775812128,-0.0494963929304097,0.00378098451121906,53.23574170005076,-68.3972288142929,1.017610227859332
193.0,26.0,8.0,23.0,-1.18973383365,0.156631430664,1.2,1.56647803624398e-08,0.0195815776832953,-0.0494707052998826,0.00377716656269874,53.20515827844854,-68.40526679480901,1.017610227859332
194.0,22.0,8.0,24.0,-1.2,1.46957615898e-16,1.2,1.56647778980974e-08,0.0195739411099692,-0.0494599869508042,0.00377557445049944,53.19238178301724,-68.40866603418571,1.017610227859332
195.0,25.0,8.0,25.0,-1.18973383365,-0.156631430664,1.2,1.56647803624397e-08,0.0195814748589037,-0.0494705686796202,0.00377714531887015,53.20499340414297,-68.40531560535338,1.017610227859332
196.0,27.0,8.0,26.0,-1.15911099155,-0.310582854123,1.2,1.56647806569142e-08,0.0195996252058274,-0.049496110324225,0.00378094328809619,53.23542284453799,-68.3972693093961,1.017610227859332
197.0,31.0,8.0,27.0,-1.10865543901,-0.459220118838,1.2,1.56647806569141e-08,0.0196176221875654,-0.0495215825358865,0.00378473567072757,53.26573229715965,-68.38935807260893,1.017610227859332
198.0,38.0,8.0,28.0,-1.03923048454,-0.6,1.2,1.56647806569141e-08,0.0196250583521003,-0.0495320999594129,0.00378630453187694,53.278249236556306,-68.38608891801508,1.017610227859332
199.0,48.0,8.0,29.0,-0.952024008349,-0.73051371481,1.2,1.56647806569141e-08,0.0196176698234061,-0.0495215800548051,0.00378473756484528,53.265747534646025,-68.38930945153004,1.017610227859332
200.0,61.0,8.0,30.0,-0.848528137424,-0.848528137424,1.2,1.56647806569141e-08,0.0195996750518876,-0.0494961091852361,0.00378094550661232,53.23544013734083,-68.39721897846968,1.017610227859332
201.0,74.0,8.0,31.0,-0.73051371481,-0.952024008349,1.2,1.56647803624397e-08,0.0195815086376265,-0.0494705257855101,0.00377714153094543,53.204965952627596,-68.40526478218145,1.017610227859332
202.0,91.0,8.0,32.0,-0.6,-1.03923048454,1.2,1.56647778980974e-08,0.019573926268911,-0.0494598971117935,0.00377556279857492,53.1922927865491,-68.40864528879621,1.017610227859332
203.0,106.0,8.0,33.0,-0.459220118838,-1.10865543901,1.2,1.56647803624397e-08,0.0195815259244962,-0.0494705517841286,0.00377714583135752,53.2049964886557,-68.40525777702908,1.017610227859332
204.0,127.0,8.0,34.0,-0.310582854123,-1.15911099155,1.2,1.56647806569142e-08,0.0195997126034614,-0.0494961485101662,0.0037809521456825,53.23549052538833,-68.39719698418321,1.017610227859332
205.0,148.0,8.0,35.0,-0.156631430664,-1.18973383365,1.2,1.56647806569141e-08,0.0196177082675371,-0.0495216460944399,0.003784747419773,53.265823091107386,-68.38929716801624,1.017610227859332
206.0,164.0,8.0,36.0,-2.20436423847e-16,-1.2,1.2,1.56647806569141e-08,0.0196251201191932,-0.0495321688089085,0.00378631547662701,53.278335996978825,-68.38605443694799,1.017610227859332
207.0,190.0,8.0,37.0,0.156631430664,-1.18973383365,1.2,1.56647806569142e-08,0.0196177137806628,-0.0495216334975444,0.00378474557097516,53.2658134101519,-68.38928666420884,1.017610227859332
208.0,211.0,8.0,38.0,0.310582854123,-1.15911099155,1.2,1.56647806569142e-08,0.0195997103523344,-0.0494961239898997,0.00378094872148611,53.23546689866568,-68.39718952065077,1.017610227859332
209.0,228.0,8.0,39.0,0.459220118838,-1.10865543901,1.2,1.56647803624397e-08,0.0195815225697393,-0.0494705009528281,0.00377713911959902,53.20494799051095,-68.4052409898228,1.017610227859332
210.0,247.0,8.0,40.0,0.6,-1.03923048454,1.2,1.56647778980974e-08,0.0195739093206865,-0.0494598201515483,0.00377555275537539,53.19221498977046,-68.408631758597,1.017610227859332
211.0,262.0,8.0,41.0,0.73051371481,-0.952024008349,1.2,1.56647803624397e-08,0.0195814630591249,-0.049470421337652,0.00377712709469958,53.20485206126117,-68.40526902347362,1.017610227859332
212.0,274.0,8.0,42.0,0.848528137424,-0.848528137424,1.2,1.56647806569141e-08,0.0195996133700133,-0.0494959668569015,0.00378092545901439,53.23528509694952,-68.39722430417343,1.017610227859332
213.0,287.0,8.0,43.0,0.952024008349,-0.73051371481,1.2,1.56647806569141e-08,0.0196175797359823,-0.0495214272402457,0.00378471500656817,53.26557228274725,-68.3893390039357,1.017610227859332
214.0,295.0,8.0,44.0,1.03923048454,-0.6,1.2,1.56647806569141e-08,0.0196249768941254,-0.04953193030364,0.00378627991479428,53.27806150470948,-68.38610315394723,1.017610227859332
215.0,300.0,8.0,45.0,1.10865543901,-0.459220118838,1.2,1.56647806569141e-08,0.0196175522180871,-0.0495214044773621,0.00378471049343927,53.26554098514229,-68.38935750544117,1.017610227859332
216.0,306.0,8.0,46.0,1.15911099155,-0.310582854123,1.2,1.56647806569141e-08,0.0195995530963383,-0.049495946986171,0.00378091992808405,53.2352444310537,-68.397276744797,1.017610227859332
217.0,308.0,8.0,47.0,1.18973383365,-0.156631430664,1.2,1.56647803624397e-08,0.0195814000076336,-0.0494704190902233,0.00377712327950133,53.20482676619935,-68.40533126644559,1.017610227859332
218.0,323.0,9.0,0.0,1.35,0.0,1.35,1.57360001318739e-08,0.105703481338786,-0.0468463739081314,0.0166873238847823,115.61924024780451,-23.90228276574739,1.022236951519785
219.0,322.0,9.0,1.0,1.34087178295,0.156725434069,1.35,1.57360023926056e-08,0.105716868631035,-0.0468426316966068,0.0166901853751087,115.62996349309924,-23.897899730016256,1.022236951519785
220.0,320.0,9.0,2.0,1.31361057528,0.311331425502,1.35,1.57360030090879e-08,0.105750124584906,-0.0468330294085245,0.0166972701540332,115.65648055039051,-23.886876506968065,1.022236951519785
221.0,316.0,9.0,3.0,1.26858503806,0.46172719349,1.35,1.57360030090879e-08,0.1057874600902,-0.0468220179615776,0.0167052240676311,115.68616200017162,-23.874402348888275,1.022236951519785
222.0,312.0,9.0,4.0,1.20640406444,0.605878893271,1.35,1.57360030090879e-08,0.105811584630485,-0.0468147888032062,0.0167103647148576,115.70529759999363,-23.866293859791938,1.022236951519785
223.0,305.0,9.0,5.0,1.12790854541,0.741837120396,1.35,1.57360030090879e-08,0.105811571727835,-0.0468147950490824,0.0167103629659266,115.70528832772665,-23.866299273309448,1.022236951519785
224.0,299.0,9.0,6.0,1.03415999821,0.867763273077,1.35,1.57360030090879e-08,0.105787431970555,-0.0468220620284298,0.0167052227771824,115.68615412191267,-23.87442794301793,1.022236951519785
225.0,284.0,9.0,7.0,0.926426211123,0.981954416124,1.35,1.57360030090879e-08,0.105750112628684,-0.04683313490924,0.0166972791069196,115.65651233893587,-23.886926693408316,1.022236951519785
226.0,271.0,9.0,8.0,0.806164098799,1.08286631022,1.35,1.57360023926056e-08,0.105716944820392,-0.0468427851182261,0.0166902217246955,115.63009530304,-23.897953940548053,1.022236951519785
227.0,258.0,9.0,9.0,0.675,1.16913429511,1.35,1.57360001318738e-08,0.105703719286124,-0.0468465869382069,0.016687409343079,115.6195441034027,-23.902331503091865,1.022236951519785
228.0,239.0,9.0,10.0,0.534707684153,1.23959174429,1.35,1.57360023926057e-08,0.105716895405615,-0.0468428155965268,0.0166902118981048,115.63006247171172,-23.897977667377912,1.022236951519785
229.0,222.0,9.0,11.0,0.38718436416,1.29328584163,1.35,1.57360030090879e-08,0.105750047401813,-0.0468331849311795,0.0166972686344327,115.65647295453788,-23.886962436190842,1.022236951519785
230.0,203.0,9.0,12.0,0.23442503985,1.32949046657,1.35,1.57360030090879e-08,0.105787402569623,-0.046822201507452,0.0167052301756506,115.6861836885975,-23.874497005306132,1.022236951519785
231.0,182.0,9.0,13.0,0.0784955190291,1.34771601367,1.35,1.57360030090879e-08,0.105811693100262,-0.0468149811917999,0.0167104146848308,115.70547463595926,-23.866359249448216,1.022236951519785
232.0,161.0,9.0,14.0,-0.0784955190291,1.34771601367,1.35,1.57360030090879e-08,0.105811950010952,-0.0468149964470847,0.0167104848510606,115.70571575104127,-23.86631468452291,1.022236951519785
233.0,140.0,9.0,15.0,-0.23442503985,1.32949046657,1.35,1.57360030090879e-08,0.105788106673749,-0.0468222991691968,0.0167054252127063,115.68686707274193,-23.87440009656339,1.022236951519785
234.0,119.0,9.0,16.0,-0.38718436416,1.29328584163,1.35,1.57360030090879e-08,0.105751050989116,-0.0468333907323584,0.0166975518472145,115.65747391670098,-23.886854335404976,1.022236951519785
235.0,98.0,9.0,17.0,-0.534707684153,1.23959174429,1.35,1.57360023926056e-08,0.10571806090499,-0.0468430741467529,0.0166905439656494,115.63123279213694,-23.89786084212199,1.022236951519785
236.0,81.0,9.0,18.0,-0.675,1.16913429511,1.35,1.57360001318738e-08,0.105704919906033,-0.046846858380959,0.0166877513578154,115.62075173820001,-23.902213412417993,1.022236951519785
237.0,64.0,9.0,19.0,-0.806164098799,1.08286631022,1.35,1.57360023926056e-08,0.105718036469421,-0.0468430383909454,0.0166905334895141,115.63119596650989,-23.897849548881336,1.022236951519785
238.0,51.0,9.0,20.0,-0.926426211123,0.981954416124,1.35,1.57360030090879e-08,0.105750974859504,-0.0468333455404225,0.0166975271926375,115.65738600817528,-23.886849136855226,1.022236951519785
239.0,41.0,9.0,21.0,-1.03415999821,0.867763273077,1.35,1.57360030090879e-08,0.105787954517205,-0.0468222816736789,0.0167053826135713,115.68672085448512,-23.874422672934525,1.022236951519785
240.0,30.0,9.0,22.0,-1.12790854541,0.741837120396,1.35,1.57360030090878e-08,0.105811758072027,-0.0468150271280371,0.0167104364253116,115.70555263811681,-23.866367033983227,1.022236951519785
241.0,24.0,9.0,23.0,-1.20640406444,0.605878893271,1.35,1.57360030090879e-08,0.105811573091834,-0.0468149772168763,0.0167103841102359,115.705363280987,-23.86638149370993,1.022236951519785
242.0,19.0,9.0,24.0,-1.26858503806,0.46172719349,1.35,1.57360030090879e-08,0.105787430168865,-0.0468221746743606,0.0167052347779402,115.68619806601316,-23.874479320508343,1.022236951519785
243.0,15.0,9.0,25.0,-1.31361057528,0.311331425502,1.35,1.57360030090878e-08,0.105750203749625,-0.0468331396354854,0.016697303377611,115.65659756885499,-23.886910555176595,1.022236951519785
244.0,13.0,9.0,26.0,-1.34087178295,0.156725434069,1.35,1.57360023926056e-08,0.105717094036543,-0.0468427057305273,0.0166902520551059,115.63019956606516,-23.89788802278536,1.022236951519785
245.0,11.0,9.0,27.0,-1.35,1.65327317885e-16,1.35,1.57360001318739e-08,0.105703801913138,-0.0468464514198026,0.0166874155985937,115.61956473503886,-23.902253515364865,1.022236951519785
246.0,12.0,9.0,28.0,-1.34087178295,-0.156725434069,1.35,1.57360023926056e-08,0.105716759003073,-0.0468426454875484,0.0166901567992865,115.62986885050918,-23.897927983908865,1.022236951519785
247.0,14.0,9.0,29.0,-1.31361057528,-0.311331425502,1.35,1.57360030090879e-08,0.105749587729167,-0.0468329747353953,0.0166971245525643,115.65596753931446,-23.886959436638598,1.022236951519785
248.0,18.0,9.0,30.0,-1.26858503806,-0.46172719349,1.35,1.57360030090879e-08,0.105786597958893,-0.0468219301968351,0.0167049899611806,115.68533811626158,-23.87453541770749,1.022236951519785
249.0,23.0,9.0,31.0,-1.20640406444,-0.605878893271,1.35,1.57360030090879e-08,0.105810584735261,-0.046814655811892,0.016710089081641,115.70432939524675,-23.866433970101735,1.022236951519785
250.0,29.0,9.0,32.0,-1.12790854541,-0.741837120396,1.35,1.57360030090879e-08,0.10581063502167,-0.0468146158978619,0.01671009905459,115.7043592322839,-23.866405819866294,1.022236951519785
251.0,40.0,9.0,33.0,-1.03415999821,-0.867763273077,1.35,1.57360030090879e-08,0.10578670610148,-0.0468218696858668,0.016705012318363,115.68541251463469,-23.87448633503682,1.022236951519785
252.0,50.0,9.0,34.0,-0.926426211123,-0.981954416124,1.35,1.57360030090879e-08,0.105749654492634,-0.0468329077858506,0.0166971344686929,115.65600147415375,-23.886915717832295,1.022236951519785
253.0,63.0,9.0,35.0,-0.806164098799,-1.08286631022,1.35,1.57360023926057e-08,0.105716712676789,-0.04684258075955,0.0166901379266457,115.62980027398527,-23.897907959534813,1.022236951519785
254.0,80.0,9.0,36.0,-0.675,-1.16913429511,1.35,1.57360001318739e-08,0.105703622611227,-0.0468463500642328,0.0166873576623618,115.61935974341557,-23.902243597318698,1.022236951519785
255.0,97.0,9.0,37.0,-0.534707684153,-1.23959174429,1.35,1.57360023926057e-08,0.105716797400701,-0.0468425713311429,0.0166901584962711,115.62987391489308,-23.897886681113825,1.022236951519785
256.0,118.0,9.0,38.0,-0.38718436416,-1.29328584163,1.35,1.57360030090879e-08,0.105749791625674,-0.0468329076065294,0.0166971700292382,115.65612678866256,-23.886888127337578,1.022236951519785
257.0,139.0,9.0,39.0,-0.23442503985,-1.32949046657,1.35,1.57360030090879e-08,0.105786858627531,-0.0468218845820583,0.0167050530395678,115.68555801869489,-23.87446250704304,1.022236951519785
258.0,160.0,9.0,40.0,-0.0784955190291,-1.34771601367,1.35,1.57360030090879e-08,0.105810796616887,-0.0468146649024094,0.0167101453192744,115.70452683722061,-23.8663956347524,1.022236951519785
259.0,181.0,9.0,41.0,0.0784955190291,-1.34771601367,1.35,1.57360030090879e-08,0.105810772459837,-0.046814646060333,0.0167101386647714,115.704497122202,-23.866391942192017,1.022236951519785
260.0,202.0,9.0,42.0,0.23442503985,-1.32949046657,1.35,1.57360030090879e-08,0.105786795837804,-0.0468218851027834,0.0167050373783163,115.68550081236403,-23.874475329290963,1.022236951519785
261.0,221.0,9.0,43.0,0.38718436416,-1.29328584163,1.35,1.57360030090879e-08,0.10574971715528,-0.0468328760652561,0.0166971473304504,115.65604592482556,-23.886888779189484,1.022236951519785
262.0,238.0,9.0,44.0,0.534707684153,-1.23959174429,1.35,1.57360023926056e-08,0.105716706062554,-0.0468425085389897,0.016690128323178,115.62976496967276,-23.897876569173075,1.022236951519785
263.0,257.0,9.0,45.0,0.675,-1.16913429511,1.35,1.57360001318739e-08,0.105703488098616,-0.0468462819129465,0.0166873145228582,115.61920915350316,-23.902239729488375,1.022236951519785
264.0,270.0,9.0,46.0,0.806164098799,-1.08286631022,1.35,1.57360023926056e-08,0.105716508833612,-0.0468424745154372,0.0166900730693202,115.62957086617828,-23.897900746310544,1.022236951519785
265.0,283.0,9.0,47.0,0.926426211123,-0.981954416124,1.35,1.57360030090879e-08,0.105749373969288,-0.0468327914533498,0.0166970487094941,115.65569787178357,-23.886919297040933,1.022236951519785
266.0,298.0,9.0,48.0,1.03415999821,-0.867763273077,1.35,1.57360030090879e-08,0.105786342109778,-0.046821768409704,0.0167049046890106,115.68503867821,-23.874513431263676,1.022236951519785
267.0,304.0,9.0,49.0,1.12790854541,-0.741837120396,1.35,1.57360030090879e-08,0.105810228150067,-0.0468145204438181,0.0167099809367382,115.70394853052291,-23.866444113422627,1.022236951519785
268.0,311.0,9.0,50.0,1.20640406444,-0.605878893271,1.35,1.57360030090879e-08,0.105810176071986,-0.0468144995431696,0.0167099672443926,115.70389244905336,-23.86644508283829,1.022236951519785
269.0,315.0,9.0,51.0,1.26858503806,-0.46172719349,1.35,1.57360030090878e-08,0.105786211153723,-0.0468217880320827,0.0167048743778179,115.68492686941265,-23.874548568926457,1.022236951519785
270.0,319.0,9.0,52.0,1.31361057528,-0.311331425502,1.35,1.57360030090879e-08,0.105749212354329,-0.0468328414959956,0.0166970128608426,115.65557036368813,-23.886974385292916,1.022236951519785
271.0,321.0,9.0,53.0,1.34087178295,-0.156725434069,1.35,1.57360023926056e-08,0.105716396152402,-0.0468425036263989,0.0166900498455908,115.62947963837246,-23.89793655364012,1.022236951519785
272.0,332.0,10.0,0.0,1.5,0.0,1.5,1.58152232449331e-08,0.229435733782868,0.0953043017215206,0.0764765441467568,248.44247998905038,22.557295127084497,1.0273833387573148
273.0,331.0,10.0,1.0,1.49178284305,0.156792694901,1.5,1.58152243613123e-08,0.229444537912335,0.0953108408575542,0.0764793635636406,248.4531190441749,22.557908905316793,1.0273833387573148
274.0,329.0,10.0,2.0,1.4672214011,0.311867536227,1.5,1.58152248949596e-08,0.229466694449974,0.0953272516758835,0.0764861604226704,248.47987599376123,22.559443597220504,1.0273833387573148
275.0,327.0,10.0,3.0,1.42658477444,0.463525491562,1.5,1.58152248949596e-08,0.229493535943211,0.0953471472999577,0.0764942998161313,248.51229655282194,22.5613054988816,1.0273833387573148
276.0,325.0,10.0,4.0,1.37031818646,0.610104964614,1.5,1.58152248949596e-08,0.229514891251092,0.095362972367156,0.0765007312126937,248.53808924327788,22.56278563337335,1.0273833387573148
277.0,318.0,10.0,5.0,1.29903810568,0.75,1.5,1.58152248949596e-08,0.229522976428723,0.095368948952036,0.0765031515212745,248.54784877949794,22.563342779480386,1.0273833387573148
278.0,314.0,10.0,6.0,1.21352549156,0.881677878439,1.5,1.58152248949596e-08,0.229514892791607,0.0953629131014636,0.0765007168607973,248.53806792590174,22.562772880257455,1.0273833387573148
279.0,303.0,10.0,7.0,1.11471723822,1.00369590954,1.5,1.58152248949596e-08,0.229493583136849,0.0953470199221363,0.0764942956090443,248.51229126347474,22.56127420415966,1.0273833387573148
280.0,292.0,10.0,8.0,1.00369590954,1.11471723822,1.5,1.58152248949596e-08,0.229466820472586,0.0953271587513819,0.0764862101983957,248.47995672369467,22.559412661543444,1.0273833387573148
281.0,282.0,10.0,9.0,0.881677878439,1.21352549156,1.5,1.58152243613123e-08,0.229444852488806,0.0953107826956021,0.0764795319480545,248.4533872412655,22.557868689509625,1.0273833387573148
282.0,265.0,10.0,10.0,0.75,1.29903810568,1.5,1.58152232449331e-08,0.229436348563891,0.0953043785521796,0.0764769144052606,248.44307720994848,22.55725710221302,1.0273833387573148
283.0,250.0,10.0,11.0,0.610104964614,1.37031818646,1.5,1.58152243613124e-08,0.229444776295549,0.0953106449941588,0.0764794602547684,248.45326405285383,22.557846104204938,1.0273833387573148
284.0,231.0,10.0,12.0,0.463525491562,1.42658477444,1.5,1.58152248949596e-08,0.229466734484237,0.0953269161201822,0.076486103494192,248.4797842317229,22.55936860201907,1.0273833387573148
285.0,214.0,10.0,13.0,0.311867536227,1.4672214011,1.5,1.58152248949596e-08,0.229493559483871,0.0953467941914826,0.0764942289754578,248.51218281438435,22.561228235954438,1.0273833387573148
286.0,193.0,10.0,14.0,0.156792694901,1.49178284305,1.5,1.58152248949596e-08,0.229515115809814,0.0953627500176703,0.0765008043249871,248.5382112998422,22.562718435187918,1.0273833387573148
287.0,172.0,10.0,15.0,4.24915417324e-16,1.5,1.5,1.58152248949596e-08,0.229523568789809,0.0953690730947856,0.0765035136207787,248.5484434330031,22.56331681092257,1.0273833387573148
288.0,151.0,10.0,16.0,-0.156792694901,1.49178284305,1.5,1.58152248949596e-08,0.229515975482564,0.0953634104875977,0.0765014429548339,248.53925859215678,22.56278299880389,1.0273833387573148
289.0,130.0,10.0,17.0,-0.311867536227,1.4672214011,1.5,1.58152248949596e-08,0.229495131546284,0.0953479035452813,0.0764953812482957,248.51406019363668,22.56132536837173,1.0273833387573148
290.0,109.0,10.0,18.0,-0.463525491562,1.42658477444,1.5,1.58152248949596e-08,0.229468776294422,0.0953283260319123,0.0764875905744538,248.48221070753948,22.55948820720438,1.0273833387573148
291.0,90.0,10.0,19.0,-0.610104964614,1.37031818646,1.5,1.58152243613123e-08,0.229447062217126,0.0953121443517764,0.0764811019676987,248.45595026282533,22.557963190439683,1.0273833387573148
292.0,73.0,10.0,20.0,-0.75,1.29903810568,1.5,1.58152232449331e-08,0.229438669122901,0.0953058593385911,0.0764785686358477,248.44578827815815,22.557367180184517,1.0273833387573148
293.0,58.0,10.0,21.0,-0.881677878439,1.21352549156,1.5,1.58152243613122e-08,0.229447014661914,0.0953121227420178,0.0764810700165071,248.45589805608165,22.55796279531506,1.0273833387573148
294.0,45.0,10.0,22.0,-1.00369590954,1.11471723822,1.5,1.58152248949596e-08,0.229468638306095,0.0953282610489386,0.076487500000594,248.482058347616,22.55948657642648,1.0273833387573148
295.0,34.0,10.0,23.0,-1.11471723822,1.00369590954,1.5,1.58152248949596e-08,0.229494855003648,0.0953477696571806,0.0764951966640786,248.51375344584892,22.561321324486585,1.0273833387573148
296.0,21.0,10.0,24.0,-1.21352549156,0.881677878439,1.5,1.58152248949596e-08,0.22951562518234,0.0953630728646761,0.0765011681610359,248.538805559683,22.56274210902918,1.0273833387573148
297.0,17.0,10.0,25.0,-1.29903810568,0.75,1.5,1.58152248949596e-08,0.229523253567738,0.0953687078571154,0.0765032454767132,248.5480121961469,22.56326694235151,1.0273833387573148
298.0,10.0,10.0,26.0,-1.37031818646,0.610104964614,1.5,1.58152248949596e-08,0.229514975590793,0.0953626360105685,0.0765006923387573,248.5380380692792,22.56270656750087,1.0273833387573148
299.0,8.0,10.0,27.0,-1.42658477444,0.463525491562,1.5,1.58152248949596e-08,0.229493670731613,0.0953469499603857,0.0764943282587827,248.51234531229693,22.561251560159,1.0273833387573148
300.0,6.0,10.0,28.0,-1.4672214011,0.311867536227,1.5,1.58152248949597e-08,0.229467031579282,0.0953273625704933,0.0764863759114406,248.4802298704134,22.559437388101173,1.0273833387573148
301.0,4.0,10.0,29.0,-1.49178284305,0.156792694901,1.5,1.58152243613123e-08,0.229445101641904,0.0953111432701578,0.0764797532751952,248.45375565470567,22.557923438198177,1.0273833387573148
302.0,2.0,10.0,30.0,-1.5,8.49830834647e-16,1.5,1.58152232449331e-08,0.229436422436964,0.0953046873096341,0.0764770205787923,248.44326387298196,22.5573163248201,1.0273833387573148
303.0,3.0,10.0,31.0,-1.49178284305,-0.156792694901,1.5,1.58152243613123e-08,0.229444460324477,0.0953107327230776,0.0764792918878425,248.45300591017295,22.557892740161844,1.0273833387573148
304.0,5.0,10.0,32.0,-1.4672214011,-0.311867536227,1.5,1.58152248949596e-08,0.229465865703449,0.0953266168774287,0.0764855339776241,248.47886712621937,22.55938173483822,1.0273833387573148
305.0,7.0,10.0,33.0,-1.42658477444,-0.463525491562,1.5,1.58152248949596e-08,0.229492075329692,0.0953460475144504,0.0764932105801682,248.51052576451744,22.561200544313166,1.0273833387573148
306.0,9.0,10.0,34.0,-1.37031818646,-0.610104964614,1.5,1.58152248949596e-08,0.229513085594251,0.0953615936546779,0.0764993796197291,248.53589278684456,22.56265184048748,1.0273833387573148
307.0,16.0,10.0,35.0,-1.29903810568,-0.75,1.5,1.58152248949596e-08,0.229521096564006,0.0953676090930526,0.0765017715829196,248.54559869784268,22.56322383175794,1.0273833387573148
308.0,20.0,10.0,36.0,-1.21352549156,-0.881677878439,1.5,1.58152248949596e-08,0.229513213122273,0.095361831663247,0.0764995094398304,248.53610187632574,22.562691229325928,1.0273833387573148
309.0,33.0,10.0,37.0,-1.11471723822,-1.00369590954,1.5,1.58152248949596e-08,0.229492253036151,0.0953463123164748,0.0764933728215783,248.51079146781436,22.561241204368955,1.0273833387573148
310.0,44.0,10.0,38.0,-1.00369590954,-1.11471723822,1.5,1.58152248949596e-08,0.229465888699006,0.0953268438878589,0.0764856086589998,248.47897545274296,22.559428040687955,1.0273833387573148
311.0,57.0,10.0,39.0,-0.881677878439,-1.21352549156,1.5,1.58152243613123e-08,0.229444303013396,0.0953107206746908,0.0764792019470531,248.4528560126287,22.55790409093085,1.0273833387573148
312.0,72.0,10.0,40.0,-0.75,-1.29903810568,1.5,1.5815223244933e-08,0.229435962352146,0.0953046153922206,0.0764767511132854,248.4428113983466,22.557341710618157,1.0273833387573148
313.0,89.0,10.0,41.0,-0.610104964614,-1.37031818646,1.5,1.58152243613123e-08,0.229444437295933,0.0953107936070619,0.076479291096242,248.45300799961205,22.55790774366385,1.0273833387573148
314.0,108.0,10.0,42.0,-0.463525491562,-1.42658477444,1.5,1.58152248949596e-08,0.229466119309512,0.0953270174869567,0.0764857764664498,248.47925501724637,22.559444606869537,1.0273833387573148
315.0,129.0,10.0,43.0,-0.311867536227,-1.4672214011,1.5,1.58152248949596e-08,0.229492504887748,0.0953465317620222,0.0764935677594543,248.51110824005303,22.561265648697304,1.0273833387573148
316.0,150.0,10.0,44.0,-0.156792694901,-1.49178284305,1.5,1.58152248949596e-08,0.229513495016695,0.0953619818963428,0.0764997001140444,248.5364198381736,22.56269827741968,1.0273833387573148
317.0,163.0,10.0,45.0,-2.75545529808e-16,-1.5,1.5,1.58152248949596e-08,0.229521386631776,0.0953678151278031,0.076501978051664,248.545945618962,22.563242034937236,1.0273833387573148
318.0,192.0,10.0,46.0,0.156792694901,-1.49178284305,1.5,1.58152248949596e-08,0.229513406242965,0.0953619008590519,0.0764996252155339,248.5363067656312,22.562688877962277,1.0273833387573148
319.0,213.0,10.0,47.0,0.311867536227,-1.4672214011,1.5,1.58152248949596e-08,0.229492376029685,0.0953464458147022,0.0764934726888629,248.5109562680211,22.56125874799828,1.0273833387573148
320.0,230.0,10.0,48.0,0.463525491562,-1.42658477444,1.5,1.58152248949596e-08,0.229465964563878,0.0953270005036055,0.0764856865663381,248.47910559691996,22.5594546795692,1.0273833387573148
321.0,249.0,10.0,49.0,0.610104964614,-1.37031818646,1.5,1.58152243613123e-08,0.229444208247492,0.0953108342058128,0.0764791781978081,248.45281204954478,22.557936652858043,1.0273833387573148
322.0,264.0,10.0,50.0,0.75,-1.29903810568,1.5,1.58152232449331e-08,0.22943566383276,0.0953044603297386,0.0764765474014812,248.44247623367863,22.557335095237566,1.0273833387573148
323.0,281.0,10.0,51.0,0.881677878439,-1.21352549156,1.5,1.58152243613123e-08,0.229443862507387,0.0953105090140734,0.0764788984248979,248.45236801212113,22.5578979840378,1.0273833387573148
324.0,291.0,10.0,52.0,1.00369590954,-1.11471723822,1.5,1.58152248949596e-08,0.229465322658602,0.0953265479672092,0.0764852168972044,248.47833919712392,22.559415099972583,1.0273833387573148
325.0,302.0,10.0,53.0,1.11471723822,-1.00369590954,1.5,1.58152248949596e-08,0.229491540164426,0.0953459394607941,0.0764928882461588,248.50999009838975,22.561224877913507,1.0273833387573148
326.0,313.0,10.0,54.0,1.21352549156,-0.881677878439,1.5,1.58152248949596e-08,0.229512395890996,0.0953613553690822,0.0764989369344378,248.535164444498,22.562662119366603,1.0273833387573148
327.0,317.0,10.0,55.0,1.29903810568,-0.75,1.5,1.58152248949596e-08,0.229520255335483,0.0953671120726829,0.0765011747013706,248.5446311517289,22.563192435353344,1.0273833387573148
328.0,324.0,10.0,56.0,1.37031818646,-0.610104964614,1.5,1.58152248949596e-08,0.229512261305155,0.0953612046685397,0.0764988181009096,248.5349823369758,22.562641941581308,1.0273833387573148
329.0,326.0,10.0,57.0,1.42658477444,-0.463525491562,1.5,1.58152248949596e-08,0.229491307563889,0.0953456755882422,0.0764926901654036,248.509674058701,22.561189271424368,1.0273833387573148
330.0,328.0,10.0,58.0,1.4672214011,-0.311867536227,1.5,1.58152248949596e-08,0.229465101470413,0.0953262638834716,0.0764850233815114,248.47802594758394,22.559374173251292,1.0273833387573148
331.0,330.0,10.0,59.0,1.49178284305,-0.156792694901,1.5,1.58152243613123e-08,0.229443718616705,0.0953103538648698,0.0764787832053889,248.45217561234682,22.55787767177988,1.0273833387573148
