strand_id,radial_ring,ring_index,helix_radius_m,phase_rad,x_at_z0_m,y_at_z0_m,strand_length_per_axial_meter_m,helix_angle_deg
1,0,0,0,0,0,0,1,0
2,1,0,0.00015,0,0.00015,0,1.00027754410841,1.34975025882189
3,1,1,0.00015,1.0471975511966,7.5e-05,0.000129903810567666,1.00027754410841,1.34975025882189
4,1,2,0.00015,2.0943951023932,-7.5e-05,0.000129903810567666,1.00027754410841,1.34975025882189
5,1,3,0.00015,3.14159265358979,-0.00015,1.83697019872103e-20,1.00027754410841,1.34975025882189
6,1,4,0.00015,4.18879020478639,-7.50000000000001e-05,-0.000129903810567666,1.00027754410841,1.34975025882189
7,1,5,0.00015,5.23598775598299,7.5e-05,-0.000129903810567666,1.00027754410841,1.34975025882189
8,2,0,0.0003,0,0.0003,0,1.0011097147617,2.6980040638132
9,2,1,0.0003,0.523598775598299,0.000259807621135332,0.00015,1.0011097147617,2.6980040638132
10,2,2,0.0003,1.0471975511966,0.00015,0.000259807621135332,1.0011097147617,2.6980040638132
11,2,3,0.0003,1.5707963267949,1.83697019872103e-20,0.0003,1.0011097147617,2.6980040638132
12,2,4,0.0003,2.0943951023932,-0.00015,0.000259807621135332,1.0011097147617,2.6980040638132
13,2,5,0.0003,2.61799387799149,-0.000259807621135332,0.00015,1.0011097147617,2.6980040638132
14,2,6,0.0003,3.14159265358979,-0.0003,3.67394039744206e-20,1.0011097147617,2.6980040638132
15,2,7,0.0003,3.66519142918809,-0.000259807621135332,-0.00015,1.0011097147617,2.6980040638132
16,2,8,0.0003,4.18879020478639,-0.00015,-0.000259807621135332,1.0011097147617,2.6980040638132
17,2,9,0.0003,4.71238898038469,-5.51091059616309e-20,-0.0003,1.0011097147617,2.6980040638132
18,2,10,0.0003,5.23598775598299,0.00015,-0.000259807621135332,1.0011097147617,2.6980040638132
19,2,11,0.0003,5.75958653158129,0.000259807621135332,-0.00015,1.0011097147617,2.6980040638132
20,3,0,0.00045,0,0.00045,0,1.00249513077523,4.04327489190889
21,3,1,0.00045,0.349065850398866,0.000422861679353659,0.000153909064496551,1.00249513077523,4.04327489190889
22,3,2,0.00045,0.698131700797732,0.00034471999940354,0.000289254424358943,1.00249513077523,4.04327489190889
23,3,3,0.00045,1.0471975511966,0.000225,0.000389711431702997,1.00249513077523,4.04327489190889
24,3,4,0.00045,1.39626340159546,7.81416799501187e-05,0.000443163488855494,1.00249513077523,4.04327489190889
25,3,5,0.00045,1.74532925199433,-7.81416799501186e-05,0.000443163488855494,1.00249513077523,4.04327489190889
26,3,6,0.00045,2.0943951023932,-0.000225,0.000389711431702997,1.00249513077523,4.04327489190889
27,3,7,0.00045,2.44346095279206,-0.00034471999940354,0.000289254424358943,1.00249513077523,4.04327489190889
28,3,8,0.00045,2.79252680319093,-0.000422861679353659,0.000153909064496551,1.00249513077523,4.04327489190889
29,3,9,0.00045,3.14159265358979,-0.00045,5.51091059616309e-20,1.00249513077523,4.04327489190889
30,3,10,0.00045,3.49065850398866,-0.000422861679353659,-0.000153909064496551,1.00249513077523,4.04327489190889
31,3,11,0.00045,3.83972435438752,-0.00034471999940354,-0.000289254424358942,1.00249513077523,4.04327489190889
32,3,12,0.00045,4.18879020478639,-0.000225,-0.000389711431702997,1.00249513077523,4.04327489190889
33,3,13,0.00045,4.53785605518526,-7.81416799501187e-05,-0.000443163488855494,1.00249513077523,4.04327489190889
34,3,14,0.00045,4.88692190558412,7.81416799501185e-05,-0.000443163488855494,1.00249513077523,4.04327489190889
35,3,15,0.00045,5.23598775598299,0.000225,-0.000389711431702998,1.00249513077523,4.04327489190889
36,3,16,0.00045,5.58505360638185,0.00034471999940354,-0.000289254424358943,1.00249513077523,4.04327489190889
37,3,17,0.00045,5.93411945678072,0.000422861679353659,-0.000153909064496551,1.00249513077523,4.04327489190889
38,4,0,0.0006,0,0.0006,0,1.00443150287164,5.38409591739357
39,4,1,0.0006,0.261799387799149,0.000579555495773441,0.000155291427061512,1.00443150287164,5.38409591739357
40,4,2,0.0006,0.523598775598299,0.000519615242270663,0.0003,1.00443150287164,5.38409591739357
41,4,3,0.0006,0.785398163397448,0.000424264068711928,0.000424264068711928,1.00443150287164,5.38409591739357
42,4,4,0.0006,1.0471975511966,0.0003,0.000519615242270663,1.00443150287164,5.38409591739357
43,4,5,0.0006,1.30899693899575,0.000155291427061512,0.000579555495773441,1.00443150287164,5.38409591739357
44,4,6,0.0006,1.5707963267949,3.67394039744206e-20,0.0006,1.00443150287164,5.38409591739357
45,4,7,0.0006,1.83259571459405,-0.000155291427061512,0.000579555495773441,1.00443150287164,5.38409591739357
46,4,8,0.0006,2.0943951023932,-0.0003,0.000519615242270663,1.00443150287164,5.38409591739357
47,4,9,0.0006,2.35619449019234,-0.000424264068711928,0.000424264068711928,1.00443150287164,5.38409591739357
48,4,10,0.0006,2.61799387799149,-0.000519615242270663,0.0003,1.00443150287164,5.38409591739357
49,4,11,0.0006,2.87979326579064,-0.000579555495773441,0.000155291427061513,1.00443150287164,5.38409591739357
50,4,12,0.0006,3.14159265358979,-0.0006,7.34788079488412e-20,1.00443150287164,5.38409591739357
51,4,13,0.0006,3.40339204138894,-0.000579555495773441,-0.000155291427061512,1.00443150287164,5.38409591739357
52,4,14,0.0006,3.66519142918809,-0.000519615242270663,-0.0003,1.00443150287164,5.38409591739357
53,4,15,0.0006,3.92699081698724,-0.000424264068711929,-0.000424264068711928,1.00443150287164,5.38409591739357
54,4,16,0.0006,4.18879020478639,-0.0003,-0.000519615242270663,1.00443150287164,5.38409591739357
55,4,17,0.0006,4.45058959258554,-0.000155291427061512,-0.000579555495773441,1.00443150287164,5.38409591739357
56,4,18,0.0006,4.71238898038469,-1.10218211923262e-19,-0.0006,1.00443150287164,5.38409591739357
57,4,19,0.0006,4.97418836818384,0.000155291427061512,-0.000579555495773441,1.00443150287164,5.38409591739357
58,4,20,0.0006,5.23598775598299,0.0003,-0.000519615242270663,1.00443150287164,5.38409591739357
59,4,21,0.0006,5.49778714378214,0.000424264068711928,-0.000424264068711929,1.00443150287164,5.38409591739357
60,4,22,0.0006,5.75958653158129,0.000519615242270663,-0.0003,1.00443150287164,5.38409591739357
61,4,23,0.0006,6.02138591938044,0.000579555495773441,-0.000155291427061513,1.00443150287164,5.38409591739357
62,5,0,0.00075,0,0.00075,0,1.00691565246997,6.71902945516624
63,5,1,0.00075,0.20943951023932,0.000733610700550354,0.000155933768113319,1.00691565246997,6.71902945516624
64,5,2,0.00075,0.418879020478639,0.000685159093231951,0.00030505248230685,1.00691565246997,6.71902945516624
65,5,3,0.00075,0.628318530717959,0.00060676274578121,0.000440838939219355,1.00691565246997,6.71902945516624
66,5,4,0.00075,0.837758040957278,0.000501847954769144,0.000557358619108046,1.00691565246997,6.71902945516624
67,5,5,0.00075,1.0471975511966,0.000375,0.000649519052838329,1.00691565246997,6.71902945516624
68,5,6,0.00075,1.25663706143592,0.000231762745781211,0.000713292387221365,1.00691565246997,6.71902945516624
69,5,7,0.00075,1.46607657167524,7.83963474507401e-05,0.000745891421526205,1.00691565246997,6.71902945516624
70,5,8,0.00075,1.67551608191456,-7.839634745074e-05,0.000745891421526205,1.00691565246997,6.71902945516624
71,5,9,0.00075,1.88495559215388,-0.00023176274578121,0.000713292387221365,1.00691565246997,6.71902945516624
72,5,10,0.00075,2.0943951023932,-0.000375,0.000649519052838329,1.00691565246997,6.71902945516624
73,5,11,0.00075,2.30383461263251,-0.000501847954769143,0.000557358619108046,1.00691565246997,6.71902945516624
74,5,12,0.00075,2.51327412287183,-0.00060676274578121,0.000440838939219355,1.00691565246997,6.71902945516624
75,5,13,0.00075,2.72271363311115,-0.000685159093231951,0.00030505248230685,1.00691565246997,6.71902945516624
76,5,14,0.00075,2.93215314335047,-0.000733610700550354,0.000155933768113319,1.00691565246997,6.71902945516624
77,5,15,0.00075,3.14159265358979,-0.00075,4.24915417323598e-19,1.00691565246997,6.71902945516624
78,5,16,0.00075,3.35103216382911,-0.000733610700550354,-0.000155933768113319,1.00691565246997,6.71902945516624
79,5,17,0.00075,3.56047167406843,-0.000685159093231951,-0.00030505248230685,1.00691565246997,6.71902945516624
80,5,18,0.00075,3.76991118430775,-0.00060676274578121,-0.000440838939219355,1.00691565246997,6.71902945516624
81,5,19,0.00075,3.97935069454707,-0.000501847954769144,-0.000557358619108045,1.00691565246997,6.71902945516624
82,5,20,0.00075,4.18879020478639,-0.000375,-0.000649519052838329,1.00691565246997,6.71902945516624
83,5,21,0.00075,4.39822971502571,-0.000231762745781211,-0.000713292387221365,1.00691565246997,6.71902945516624
84,5,22,0.00075,4.60766922526503,-7.83963474507407e-05,-0.000745891421526205,1.00691565246997,6.71902945516624
85,5,23,0.00075,4.81710873550435,7.83963474507397e-05,-0.000745891421526205,1.00691565246997,6.71902945516624
86,5,24,0.00075,5.02654824574367,0.00023176274578121,-0.000713292387221365,1.00691565246997,6.71902945516624
87,5,25,0.00075,5.23598775598299,0.000375,-0.000649519052838329,1.00691565246997,6.71902945516624
88,5,26,0.00075,5.44542726622231,0.000501847954769144,-0.000557358619108045,1.00691565246997,6.71902945516624
89,5,27,0.00075,5.65486677646163,0.00060676274578121,-0.000440838939219355,1.00691565246997,6.71902945516624
90,5,28,0.00075,5.86430628670095,0.000685159093231951,-0.00030505248230685,1.00691565246997,6.71902945516624
91,5,29,0.00075,6.07374579694027,0.000733610700550354,-0.000155933768113319,1.00691565246997,6.71902945516624
92,6,0,0.0009,0,0.0009,0,1.00994353748722,8.04667593138746
93,6,1,0.0009,0.174532925199433,0.000886326977710987,0.000156283359900237,1.00994353748722,8.04667593138746
94,6,2,0.0009,0.349065850398866,0.000845723358707318,0.000307818128993102,1.00994353748722,8.04667593138746
95,6,3,0.0009,0.523598775598299,0.000779422863405995,0.00045,1.00994353748722,8.04667593138746
96,6,4,0.0009,0.698131700797732,0.00068943999880708,0.000578508848717885,1.00994353748722,8.04667593138746
97,6,5,0.0009,0.872664625997165,0.000578508848717885,0.00068943999880708,1.00994353748722,8.04667593138746
98,6,6,0.0009,1.0471975511966,0.00045,0.000779422863405995,1.00994353748722,8.04667593138746
99,6,7,0.0009,1.22173047639603,0.000307818128993102,0.000845723358707317,1.00994353748722,8.04667593138746
100,6,8,0.0009,1.39626340159546,0.000156283359900237,0.000886326977710987,1.00994353748722,8.04667593138746
101,6,9,0.0009,1.5707963267949,5.51091059616309e-20,0.0009,1.00994353748722,8.04667593138746
102,6,10,0.0009,1.74532925199433,-0.000156283359900237,0.000886326977710987,1.00994353748722,8.04667593138746
103,6,11,0.0009,1.91986217719376,-0.000307818128993102,0.000845723358707318,1.00994353748722,8.04667593138746
104,6,12,0.0009,2.0943951023932,-0.00045,0.000779422863405995,1.00994353748722,8.04667593138746
105,6,13,0.0009,2.26892802759263,-0.000578508848717885,0.00068943999880708,1.00994353748722,8.04667593138746
106,6,14,0.0009,2.44346095279206,-0.00068943999880708,0.000578508848717886,1.00994353748722,8.04667593138746
107,6,15,0.0009,2.61799387799149,-0.000779422863405995,0.00045,1.00994353748722,8.04667593138746
108,6,16,0.0009,2.79252680319093,-0.000845723358707317,0.000307818128993102,1.00994353748722,8.04667593138746
109,6,17,0.0009,2.96705972839036,-0.000886326977710987,0.000156283359900237,1.00994353748722,8.04667593138746
110,6,18,0.0009,3.14159265358979,-0.0009,1.10218211923262e-19,1.00994353748722,8.04667593138746
111,6,19,0.0009,3.31612557878923,-0.000886326977710987,-0.000156283359900237,1.00994353748722,8.04667593138746
112,6,20,0.0009,3.49065850398866,-0.000845723358707318,-0.000307818128993102,1.00994353748722,8.04667593138746
113,6,21,0.0009,3.66519142918809,-0.000779422863405995,-0.00045,1.00994353748722,8.04667593138746
114,6,22,0.0009,3.83972435438752,-0.00068943999880708,-0.000578508848717885,1.00994353748722,8.04667593138746
115,6,23,0.0009,4.01425727958696,-0.000578508848717886,-0.00068943999880708,1.00994353748722,8.04667593138746
116,6,24,0.0009,4.18879020478639,-0.00045,-0.000779422863405995,1.00994353748722,8.04667593138746
117,6,25,0.0009,4.36332312998582,-0.000307818128993102,-0.000845723358707318,1.00994353748722,8.04667593138746
118,6,26,0.0009,4.53785605518526,-0.000156283359900237,-0.000886326977710987,1.00994353748722,8.04667593138746
119,6,27,0.0009,4.71238898038469,-1.65327317884893e-19,-0.0009,1.00994353748722,8.04667593138746
120,6,28,0.0009,4.88692190558412,0.000156283359900237,-0.000886326977710987,1.00994353748722,8.04667593138746
121,6,29,0.0009,5.06145483078356,0.000307818128993102,-0.000845723358707317,1.00994353748722,8.04667593138746
122,6,30,0.0009,5.23598775598299,0.000449999999999999,-0.000779422863405995,1.00994353748722,8.04667593138746
123,6,31,0.0009,5.41052068118242,0.000578508848717885,-0.00068943999880708,1.00994353748722,8.04667593138746
124,6,32,0.0009,5.58505360638185,0.00068943999880708,-0.000578508848717886,1.00994353748722,8.04667593138746
125,6,33,0.0009,5.75958653158129,0.000779422863405995,-0.00045,1.00994353748722,8.04667593138746
126,6,34,0.0009,5.93411945678072,0.000845723358707318,-0.000307818128993102,1.00994353748722,8.04667593138746
127,6,35,0.0009,6.10865238198015,0.000886326977710987,-0.000156283359900237,1.00994353748722,8.04667593138746
128,7,0,0.00105,0,0.00105,0,1.01351028466933,9.36568224636899
129,7,1,0.00105,0.149599650170943,0.00103827236753638,0.000156494379484983,1.01351028466933,9.36568224636899
130,7,2,0.00105,0.299199300341885,0.00100335144607545,0.000309492933131449,1.01351028466933,9.36568224636899
131,7,3,0.00105,0.448798950512828,0.00094601731129754,0.000455577926073436,1.01351028466933,9.36568224636899
132,7,4,0.00105,0.59839860068377,0.000867550713031795,0.000591486060966803,1.01351028466933,9.36568224636899
133,7,5,0.00105,0.747998250854713,0.000769704465421318,0.000714181374659465,1.01351028466933,9.36568224636899
134,7,6,0.00105,0.897597901025655,0.00065466429195167,0.000820923056591431,1.01351028466933,9.36568224636899
135,7,7,0.00105,1.0471975511966,0.000525,0.00090932667397366,1.01351028466933,9.36568224636899
136,7,8,0.00105,1.19679720136754,0.000383608075584715,0.000977417436076414,1.01351028466933,9.36568224636899
137,7,9,0.00105,1.34639685153848,0.00023364698065413,0.00102367430779091,1.01351028466933,9.36568224636899
138,7,10,0.00105,1.49599650170943,7.84665982657456e-05,0.00104706398704024,1.01351028466933,9.36568224636899
139,7,11,0.00105,1.64559615188037,-7.84665982657452e-05,0.00104706398704024,1.01351028466933,9.36568224636899
140,7,12,0.00105,1.79519580205131,-0.00023364698065413,0.00102367430779091,1.01351028466933,9.36568224636899
141,7,13,0.00105,1.94479545222225,-0.000383608075584715,0.000977417436076414,1.01351028466933,9.36568224636899
142,7,14,0.00105,2.0943951023932,-0.000525,0.000909326673973661,1.01351028466933,9.36568224636899
143,7,15,0.00105,2.24399475256414,-0.00065466429195167,0.000820923056591431,1.01351028466933,9.36568224636899
144,7,16,0.00105,2.39359440273508,-0.000769704465421318,0.000714181374659465,1.01351028466933,9.36568224636899
145,7,17,0.00105,2.54319405290602,-0.000867550713031795,0.000591486060966803,1.01351028466933,9.36568224636899
146,7,18,0.00105,2.69279370307697,-0.00094601731129754,0.000455577926073436,1.01351028466933,9.36568224636899
147,7,19,0.00105,2.84239335324791,-0.00100335144607545,0.00030949293313145,1.01351028466933,9.36568224636899
148,7,20,0.00105,2.99199300341885,-0.00103827236753638,0.000156494379484983,1.01351028466933,9.36568224636899
149,7,21,0.00105,3.14159265358979,-0.00105,1.28587913910472e-19,1.01351028466933,9.36568224636899
150,7,22,0.00105,3.29119230376074,-0.00103827236753639,-0.000156494379484983,1.01351028466933,9.36568224636899
151,7,23,0.00105,3.44079195393168,-0.00100335144607545,-0.000309492933131449,1.01351028466933,9.36568224636899
152,7,24,0.00105,3.59039160410262,-0.00094601731129754,-0.000455577926073436,1.01351028466933,9.36568224636899
153,7,25,0.00105,3.73999125427356,-0.000867550713031795,-0.000591486060966803,1.01351028466933,9.36568224636899
154,7,26,0.00105,3.88959090444451,-0.000769704465421317,-0.000714181374659465,1.01351028466933,9.36568224636899
155,7,27,0.00105,4.03919055461545,-0.00065466429195167,-0.000820923056591431,1.01351028466933,9.36568224636899
156,7,28,0.00105,4.18879020478639,-0.000525,-0.00090932667397366,1.01351028466933,9.36568224636899
157,7,29,0.00105,4.33838985495733,-0.000383608075584715,-0.000977417436076414,1.01351028466933,9.36568224636899
158,7,30,0.00105,4.48798950512828,-0.00023364698065413,-0.00102367430779091,1.01351028466933,9.36568224636899
159,7,31,0.00105,4.63758915529922,-7.8466598265746e-05,-0.00104706398704024,1.01351028466933,9.36568224636899
160,7,32,0.00105,4.78718880547016,7.84665982657456e-05,-0.00104706398704024,1.01351028466933,9.36568224636899
161,7,33,0.00105,4.9367884556411,0.00023364698065413,-0.00102367430779091,1.01351028466933,9.36568224636899
162,7,34,0.00105,5.08638810581205,0.000383608075584715,-0.000977417436076414,1.01351028466933,9.36568224636899
163,7,35,0.00105,5.23598775598299,0.000524999999999999,-0.000909326673973661,1.01351028466933,9.36568224636899
164,7,36,0.00105,5.38558740615393,0.00065466429195167,-0.000820923056591431,1.01351028466933,9.36568224636899
165,7,37,0.00105,5.53518705632487,0.000769704465421318,-0.000714181374659465,1.01351028466933,9.36568224636899
166,7,38,0.00105,5.68478670649582,0.000867550713031794,-0.000591486060966804,1.01351028466933,9.36568224636899
167,7,39,0.00105,5.83438635666676,0.00094601731129754,-0.000455577926073436,1.01351028466933,9.36568224636899
168,7,40,0.00105,5.9839860068377,0.00100335144607545,-0.00030949293313145,1.01351028466933,9.36568224636899
169,7,41,0.00105,6.13358565700864,0.00103827236753638,-0.000156494379484984,1.01351028466933,9.36568224636899
170,8,0,0.0012,0,0.0012,0,1.01761022785933,10.6747494123688
171,8,1,0.0012,0.130899693899575,0.00118973383364857,0.000156631430664062,1.01761022785933,10.6747494123688
172,8,2,0.0012,0.261799387799149,0.00115911099154688,0.000310582854123025,1.01761022785933,10.6747494123688
173,8,3,0.0012,0.392699081698724,0.00110865543901354,0.000459220118838108,1.01761022785933,10.6747494123688
174,8,4,0.0012,0.523598775598299,0.00103923048454133,0.0006,1.01761022785933,10.6747494123688
175,8,5,0.0012,0.654498469497874,0.000952024008349482,0.000730513714810465,1.01761022785933,10.6747494123688
176,8,6,0.0012,0.785398163397448,0.000848528137423857,0.000848528137423857,1.01761022785933,10.6747494123688
177,8,7,0.0012,0.916297857297023,0.000730513714810465,0.000952024008349482,1.01761022785933,10.6747494123688
178,8,8,0.0012,1.0471975511966,0.0006,0.00103923048454133,1.01761022785933,10.6747494123688
179,8,9,0.0012,1.17809724509617,0.000459220118838108,0.00110865543901354,1.01761022785933,10.6747494123688
180,8,10,0.0012,1.30899693899575,0.000310582854123025,0.00115911099154688,1.01761022785933,10.6747494123688
181,8,11,0.0012,1.43989663289532,0.000156631430664062,0.00118973383364857,1.01761022785933,10.6747494123688
182,8,12,0.0012,1.5707963267949,7.34788079488412e-20,0.0012,1.01761022785933,10.6747494123688
183,8,13,0.0012,1.70169602069447,-0.000156631430664062,0.00118973383364857,1.01761022785933,10.6747494123688
184,8,14,0.0012,1.83259571459405,-0.000310582854123025,0.00115911099154688,1.01761022785933,10.6747494123688
185,8,15,0.0012,1.96349540849362,-0.000459220118838107,0.00110865543901354,1.01761022785933,10.6747494123688
186,8,16,0.0012,2.0943951023932,-0.0006,0.00103923048454133,1.01761022785933,10.6747494123688
187,8,17,0.0012,2.22529479629277,-0.000730513714810465,0.000952024008349482,1.01761022785933,10.6747494123688
188,8,18,0.0012,2.35619449019234,-0.000848528137423857,0.000848528137423857,1.01761022785933,10.6747494123688
189,8,19,0.0012,2.48709418409192,-0.000952024008349482,0.000730513714810465,1.01761022785933,10.6747494123688
190,8,20,0.0012,2.61799387799149,-0.00103923048454133,0.0006,1.01761022785933,10.6747494123688
191,8,21,0.0012,2.74889357189107,-0.00110865543901354,0.000459220118838108,1.01761022785933,10.6747494123688
192,8,22,0.0012,2.87979326579064,-0.00115911099154688,0.000310582854123025,1.01761022785933,10.6747494123688
193,8,23,0.0012,3.01069295969022,-0.00118973383364857,0.000156631430664062,1.01761022785933,10.6747494123688
194,8,24,0.0012,3.14159265358979,-0.0012,1.46957615897682e-19,1.01761022785933,10.6747494123688
195,8,25,0.0012,3.27249234748937,-0.00118973383364857,-0.000156631430664062,1.01761022785933,10.6747494123688
196,8,26,0.0012,3.40339204138894,-0.00115911099154688,-0.000310582854123025,1.01761022785933,10.6747494123688
197,8,27,0.0012,3.53429173528852,-0.00110865543901354,-0.000459220118838108,1.01761022785933,10.6747494123688
198,8,28,0.0012,3.66519142918809,-0.00103923048454133,-0.0006,1.01761022785933,10.6747494123688
199,8,29,0.0012,3.79609112308767,-0.000952024008349482,-0.000730513714810465,1.01761022785933,10.6747494123688
200,8,30,0.0012,3.92699081698724,-0.000848528137423857,-0.000848528137423856,1.01761022785933,10.6747494123688
201,8,31,0.0012,4.05789051088682,-0.000730513714810465,-0.000952024008349482,1.01761022785933,10.6747494123688
202,8,32,0.0012,4.18879020478639,-0.0006,-0.00103923048454133,1.01761022785933,10.6747494123688
203,8,33,0.0012,4.31968989868597,-0.000459220118838107,-0.00110865543901354,1.01761022785933,10.6747494123688
204,8,34,0.0012,4.45058959258554,-0.000310582854123025,-0.00115911099154688,1.01761022785933,10.6747494123688
205,8,35,0.0012,4.58148928648512,-0.000156631430664062,-0.00118973383364857,1.01761022785933,10.6747494123688
206,8,36,0.0012,4.71238898038469,-2.20436423846524e-19,-0.0012,1.01761022785933,10.6747494123688
207,8,37,0.0012,4.84328867428426,0.000156631430664061,-0.00118973383364857,1.01761022785933,10.6747494123688
208,8,38,0.0012,4.97418836818384,0.000310582854123024,-0.00115911099154688,1.01761022785933,10.6747494123688
209,8,39,0.0012,5.10508806208341,0.000459220118838107,-0.00110865543901354,1.01761022785933,10.6747494123688
210,8,40,0.0012,5.23598775598299,0.0006,-0.00103923048454133,1.01761022785933,10.6747494123688
211,8,41,0.0012,5.36688744988256,0.000730513714810464,-0.000952024008349483,1.01761022785933,10.6747494123688
212,8,42,0.0012,5.49778714378214,0.000848528137423857,-0.000848528137423857,1.01761022785933,10.6747494123688
213,8,43,0.0012,5.62868683768171,0.000952024008349482,-0.000730513714810465,1.01761022785933,10.6747494123688
214,8,44,0.0012,5.75958653158129,0.00103923048454133,-0.0006,1.01761022785933,10.6747494123688
215,8,45,0.0012,5.89048622548086,0.00110865543901354,-0.000459220118838107,1.01761022785933,10.6747494123688
216,8,46,0.0012,6.02138591938044,0.00115911099154688,-0.000310582854123026,1.01761022785933,10.6747494123688
217,8,47,0.0012,6.15228561328001,0.00118973383364857,-0.000156631430664062,1.01761022785933,10.6747494123688
218,9,0,0.00135,0,0.00135,0,1.02223695151979,11.9726393695785
219,9,1,0.00135,0.116355283466289,0.00134087178295162,0.000156725434069061,1.02223695151979,11.9726393695785
220,9,2,0.00135,0.232710566932577,0.00131361057528276,0.000311331425502294,1.02223695151979,11.9726393695785
221,9,3,0.00135,0.349065850398866,0.00126858503806098,0.000461727193489653,1.02223695151979,11.9726393695785
222,9,4,0.00135,0.465421133865155,0.00120640406443661,0.000605878893270624,1.02223695151979,11.9726393695785
223,9,5,0.00135,0.581776417331443,0.00112790854540746,0.000741837120395588,1.02223695151979,11.9726393695785
224,9,6,0.00135,0.698131700797732,0.00103415999821062,0.000867763273076828,1.02223695151979,11.9726393695785
225,9,7,0.00135,0.81448698426402,0.00092642621112279,0.000981954416123616,1.02223695151979,11.9726393695785
226,9,8,0.00135,0.930842267730309,0.000806164098798761,0.00108286631021931,1.02223695151979,11.9726393695785
227,9,9,0.00135,1.0471975511966,0.000675,0.00116913429510899,1.02223695151979,11.9726393695785
228,9,10,0.00135,1.16355283466289,0.000534707684152862,0.00123959174428837,1.02223695151979,11.9726393695785
229,9,11,0.00135,1.27990811812917,0.000387184364159972,0.00129328584162591,1.02223695151979,11.9726393695785
230,9,12,0.00135,1.39626340159546,0.000234425039850356,0.00132949046656648,1.02223695151979,11.9726393695785
231,9,13,0.00135,1.51261868506175,7.84955190291422e-05,0.00134771601366621,1.02223695151979,11.9726393695785
232,9,14,0.00135,1.62897396852804,-7.84955190291423e-05,0.00134771601366621,1.02223695151979,11.9726393695785
233,9,15,0.00135,1.74532925199433,-0.000234425039850356,0.00132949046656648,1.02223695151979,11.9726393695785
234,9,16,0.00135,1.86168453546062,-0.000387184364159972,0.00129328584162591,1.02223695151979,11.9726393695785
235,9,17,0.00135,1.97803981892691,-0.000534707684152862,0.00123959174428837,1.02223695151979,11.9726393695785
236,9,18,0.00135,2.0943951023932,-0.000675,0.00116913429510899,1.02223695151979,11.9726393695785
237,9,19,0.00135,2.21075038585948,-0.000806164098798761,0.00108286631021931,1.02223695151979,11.9726393695785
238,9,20,0.00135,2.32710566932577,-0.00092642621112279,0.000981954416123616,1.02223695151979,11.9726393695785
239,9,21,0.00135,2.44346095279206,-0.00103415999821062,0.000867763273076828,1.02223695151979,11.9726393695785
240,9,22,0.00135,2.55981623625835,-0.00112790854540746,0.000741837120395588,1.02223695151979,11.9726393695785
241,9,23,0.00135,2.67617151972464,-0.00120640406443661,0.000605878893270624,1.02223695151979,11.9726393695785
242,9,24,0.00135,2.79252680319093,-0.00126858503806098,0.000461727193489653,1.02223695151979,11.9726393695785
243,9,25,0.00135,2.90888208665722,-0.00131361057528276,0.000311331425502294,1.02223695151979,11.9726393695785
244,9,26,0.00135,3.0252373701235,-0.00134087178295162,0.00015672543406906,1.02223695151979,11.9726393695785
245,9,27,0.00135,3.14159265358979,-0.00135,1.65327317884893e-19,1.02223695151979,11.9726393695785
246,9,28,0.00135,3.25794793705608,-0.00134087178295162,-0.000156725434069061,1.02223695151979,11.9726393695785
247,9,29,0.00135,3.37430322052237,-0.00131361057528276,-0.000311331425502294,1.02223695151979,11.9726393695785
248,9,30,0.00135,3.49065850398866,-0.00126858503806098,-0.000461727193489652,1.02223695151979,11.9726393695785
249,9,31,0.00135,3.60701378745495,-0.00120640406443661,-0.000605878893270624,1.02223695151979,11.9726393695785
250,9,32,0.00135,3.72336907092124,-0.00112790854540746,-0.000741837120395588,1.02223695151979,11.9726393695785
251,9,33,0.00135,3.83972435438753,-0.00103415999821062,-0.000867763273076828,1.02223695151979,11.9726393695785
252,9,34,0.00135,3.95607963785381,-0.00092642621112279,-0.000981954416123616,1.02223695151979,11.9726393695785
253,9,35,0.00135,4.0724349213201,-0.000806164098798761,-0.00108286631021931,1.02223695151979,11.9726393695785
254,9,36,0.00135,4.18879020478639,-0.000675000000000001,-0.00116913429510899,1.02223695151979,11.9726393695785
255,9,37,0.00135,4.30514548825268,-0.000534707684152862,-0.00123959174428837,1.02223695151979,11.9726393695785
256,9,38,0.00135,4.42150077171897,-0.000387184364159972,-0.00129328584162591,1.02223695151979,11.9726393695785
257,9,39,0.00135,4.53785605518526,-0.000234425039850356,-0.00132949046656648,1.02223695151979,11.9726393695785
258,9,40,0.00135,4.65421133865155,-7.84955190291429e-05,-0.00134771601366621,1.02223695151979,11.9726393695785
259,9,41,0.00135,4.77056662211783,7.84955190291412e-05,-0.00134771601366621,1.02223695151979,11.9726393695785
260,9,42,0.00135,4.88692190558412,0.000234425039850357,-0.00132949046656648,1.02223695151979,11.9726393695785
261,9,43,0.00135,5.00327718905041,0.000387184364159972,-0.00129328584162591,1.02223695151979,11.9726393695785
262,9,44,0.00135,5.1196324725167,0.000534707684152861,-0.00123959174428837,1.02223695151979,11.9726393695785
263,9,45,0.00135,5.23598775598299,0.000675,-0.00116913429510899,1.02223695151979,11.9726393695785
264,9,46,0.00135,5.35234303944928,0.000806164098798761,-0.00108286631021931,1.02223695151979,11.9726393695785
265,9,47,0.00135,5.46869832291557,0.00092642621112279,-0.000981954416123616,1.02223695151979,11.9726393695785
266,9,48,0.00135,5.58505360638185,0.00103415999821062,-0.000867763273076828,1.02223695151979,11.9726393695785
267,9,49,0.00135,5.70140888984814,0.00112790854540746,-0.000741837120395589,1.02223695151979,11.9726393695785
268,9,50,0.00135,5.81776417331443,0.00120640406443661,-0.000605878893270624,1.02223695151979,11.9726393695785
269,9,51,0.00135,5.93411945678072,0.00126858503806098,-0.000461727193489654,1.02223695151979,11.9726393695785
270,9,52,0.00135,6.05047474024701,0.00131361057528276,-0.000311331425502293,1.02223695151979,11.9726393695785
271,9,53,0.00135,6.1668300237133,0.00134087178295162,-0.000156725434069061,1.02223695151979,11.9726393695785
272,10,0,0.0015,0,0.0015,0,1.02738333875731,13.2581809061181
273,10,1,0.0015,0.10471975511966,0.00149178284305241,0.00015679269490148,1.02738333875731,13.2581809061181
274,10,2,0.0015,0.20943951023932,0.00146722140110071,0.000311867536226639,1.02738333875731,13.2581809061181
275,10,3,0.0015,0.314159265358979,0.00142658477444273,0.000463525491562421,1.02738333875731,13.2581809061181
276,10,4,0.0015,0.418879020478639,0.0013703181864639,0.0006101049646137,1.02738333875731,13.2581809061181
277,10,5,0.0015,0.523598775598299,0.00129903810567666,0.00075,1.02738333875731,13.2581809061181
278,10,6,0.0015,0.628318530717959,0.00121352549156242,0.00088167787843871,1.02738333875731,13.2581809061181
279,10,7,0.0015,0.733038285837618,0.00111471723821609,0.00100369590953829,1.02738333875731,13.2581809061181
280,10,8,0.0015,0.837758040957278,0.00100369590953829,0.00111471723821609,1.02738333875731,13.2581809061181
281,10,9,0.0015,0.942477796076938,0.00088167787843871,0.00121352549156242,1.02738333875731,13.2581809061181
282,10,10,0.0015,1.0471975511966,0.00075,0.00129903810567666,1.02738333875731,13.2581809061181
283,10,11,0.0015,1.15191730631626,0.000610104964613701,0.0013703181864639,1.02738333875731,13.2581809061181
284,10,12,0.0015,1.25663706143592,0.000463525491562421,0.00142658477444273,1.02738333875731,13.2581809061181
285,10,13,0.0015,1.36135681655558,0.000311867536226639,0.00146722140110071,1.02738333875731,13.2581809061181
286,10,14,0.0015,1.46607657167524,0.00015679269490148,0.00149178284305241,1.02738333875731,13.2581809061181
287,10,15,0.0015,1.5707963267949,4.24915417323598e-19,0.0015,1.02738333875731,13.2581809061181
288,10,16,0.0015,1.67551608191456,-0.00015679269490148,0.00149178284305241,1.02738333875731,13.2581809061181
289,10,17,0.0015,1.78023583703422,-0.000311867536226639,0.00146722140110071,1.02738333875731,13.2581809061181
290,10,18,0.0015,1.88495559215388,-0.000463525491562421,0.00142658477444273,1.02738333875731,13.2581809061181
291,10,19,0.0015,1.98967534727354,-0.0006101049646137,0.0013703181864639,1.02738333875731,13.2581809061181
292,10,20,0.0015,2.0943951023932,-0.00075,0.00129903810567666,1.02738333875731,13.2581809061181
293,10,21,0.0015,2.19911485751286,-0.000881677878438709,0.00121352549156242,1.02738333875731,13.2581809061181
294,10,22,0.0015,2.30383461263251,-0.00100369590953829,0.00111471723821609,1.02738333875731,13.2581809061181
295,10,23,0.0015,2.40855436775217,-0.00111471723821609,0.00100369590953829,1.02738333875731,13.2581809061181
296,10,24,0.0015,2.51327412287183,-0.00121352549156242,0.00088167787843871,1.02738333875731,13.2581809061181
297,10,25,0.0015,2.61799387799149,-0.00129903810567666,0.00075,1.02738333875731,13.2581809061181
298,10,26,0.0015,2.72271363311115,-0.0013703181864639,0.0006101049646137,1.02738333875731,13.2581809061181
299,10,27,0.0015,2.82743338823081,-0.00142658477444273,0.000463525491562421,1.02738333875731,13.2581809061181
300,10,28,0.0015,2.93215314335047,-0.00146722140110071,0.000311867536226639,1.02738333875731,13.2581809061181
301,10,29,0.0015,3.03687289847013,-0.00149178284305241,0.00015679269490148,1.02738333875731,13.2581809061181
302,10,30,0.0015,3.14159265358979,-0.0015,8.49830834647197e-19,1.02738333875731,13.2581809061181
303,10,31,0.0015,3.24631240870945,-0.00149178284305241,-0.00015679269490148,1.02738333875731,13.2581809061181
304,10,32,0.0015,3.35103216382911,-0.00146722140110071,-0.000311867536226639,1.02738333875731,13.2581809061181
305,10,33,0.0015,3.45575191894877,-0.00142658477444273,-0.000463525491562421,1.02738333875731,13.2581809061181
306,10,34,0.0015,3.56047167406843,-0.0013703181864639,-0.0006101049646137,1.02738333875731,13.2581809061181
307,10,35,0.0015,3.66519142918809,-0.00129903810567666,-0.000749999999999999,1.02738333875731,13.2581809061181
308,10,36,0.0015,3.76991118430775,-0.00121352549156242,-0.000881677878438709,1.02738333875731,13.2581809061181
309,10,37,0.0015,3.87463093942741,-0.00111471723821609,-0.00100369590953829,1.02738333875731,13.2581809061181
310,10,38,0.0015,3.97935069454707,-0.00100369590953829,-0.00111471723821609,1.02738333875731,13.2581809061181
311,10,39,0.0015,4.08407044966673,-0.00088167787843871,-0.00121352549156242,1.02738333875731,13.2581809061181
312,10,40,0.0015,4.18879020478639,-0.000750000000000001,-0.00129903810567666,1.02738333875731,13.2581809061181
313,10,41,0.0015,4.29350995990605,-0.000610104964613701,-0.0013703181864639,1.02738333875731,13.2581809061181
314,10,42,0.0015,4.39822971502571,-0.000463525491562421,-0.00142658477444273,1.02738333875731,13.2581809061181
315,10,43,0.0015,4.50294947014537,-0.00031186753622664,-0.00146722140110071,1.02738333875731,13.2581809061181
316,10,44,0.0015,4.60766922526503,-0.000156792694901481,-0.00149178284305241,1.02738333875731,13.2581809061181
317,10,45,0.0015,4.71238898038469,-2.75545529808154e-19,-0.0015,1.02738333875731,13.2581809061181
318,10,46,0.0015,4.81710873550435,0.000156792694901479,-0.00149178284305241,1.02738333875731,13.2581809061181
319,10,47,0.0015,4.92182849062401,0.000311867536226639,-0.00146722140110071,1.02738333875731,13.2581809061181
320,10,48,0.0015,5.02654824574367,0.000463525491562421,-0.00142658477444273,1.02738333875731,13.2581809061181
321,10,49,0.0015,5.13126800086333,0.0006101049646137,-0.0013703181864639,1.02738333875731,13.2581809061181
322,10,50,0.0015,5.23598775598299,0.00075,-0.00129903810567666,1.02738333875731,13.2581809061181
323,10,51,0.0015,5.34070751110265,0.000881677878438709,-0.00121352549156242,1.02738333875731,13.2581809061181
324,10,52,0.0015,5.44542726622231,0.00100369590953829,-0.00111471723821609,1.02738333875731,13.2581809061181
325,10,53,0.0015,5.55014702134197,0.00111471723821609,-0.00100369590953829,1.02738333875731,13.2581809061181
326,10,54,0.0015,5.65486677646163,0.00121352549156242,-0.00088167787843871,1.02738333875731,13.2581809061181
327,10,55,0.0015,5.75958653158129,0.00129903810567666,-0.000749999999999999,1.02738333875731,13.2581809061181
328,10,56,0.0015,5.86430628670095,0.0013703181864639,-0.0006101049646137,1.02738333875731,13.2581809061181
329,10,57,0.0015,5.96902604182061,0.00142658477444273,-0.000463525491562421,1.02738333875731,13.2581809061181
330,10,58,0.0015,6.07374579694027,0.00146722140110071,-0.000311867536226638,1.02738333875731,13.2581809061181
331,10,59,0.0015,6.17846555205993,0.00149178284305241,-0.00015679269490148,1.02738333875731,13.2581809061181
