id,structure,pitches_mm,status,reason,Rdc,Rac,K,Pcu,OD_mm,length_growth_pct,angle_deg,clearance_um,time_s
g64_p64,64,64.0,excluded_loss,Rac_above_frozen_baseline,0.0028916115189742443,0.014580679385537828,5.042406038937798,5.832271754215132,3.596902513151236,0.6293942605322345,9.056142853613476,34.23025093124513,0.6208210000040708
g64_p96,64,96.0,feasible_screening_candidate,,0.0028816125895071627,0.014278079142447503,4.954891991532234,5.711231656979001,3.5944864421310143,0.280380284201609,6.06545331547499,36.806562938756606,0.5667050999909407
g64_p128,64,128.0,feasible_screening_candidate,,0.0028780965352541727,0.01417237011288134,4.924216383739101,5.668948045152536,3.593636838280426,0.15784268577789806,4.556529856996912,37.72070599367784,0.5970015000057174
g4x16_pm16_64,4x16,-16.0/64.0,feasible_screening_candidate,,0.002908789426348791,0.013365388806512885,4.594828585886867,5.346155522605154,4.5366854627035025,1.22843273497093,14.678561803696029,39.15273775043017,0.6990344000078039
g4x16_p16_64,4x16,16.0/64.0,feasible_screening_candidate,,0.002924865535457481,0.013489490768161062,4.612003733036965,5.395796307264425,4.541919791245843,1.7878113030328269,17.5622010232511,37.78165916157848,0.7064135999971768
g4x16_pm16_96,4x16,-16.0/96.0,feasible_screening_candidate,,0.0028965614322892397,0.013115691817231784,4.528021284487676,5.246276726892714,4.532568085248181,0.8008491006584517,11.862189769416545,39.01002545072239,0.7770754000084708
g4x16_p16_96,4x16,16.0/96.0,feasible_screening_candidate,,0.0029073860802916055,0.01319939290191576,4.539951880278619,5.279757160766304,4.53534446136712,1.1775373544625545,13.830179950023563,38.09485048163929,0.7793480999971507
g4x16_pm16_128,4x16,-16.0/128.0,feasible_screening_candidate,,0.002892664993420197,0.013031955801781195,4.505172853207801,5.212782320712478,4.530840907224066,0.6649040321252908,10.436489482186976,38.92561640174392,0.8854059000004781
g4x16_p16_128,4x16,16.0/128.0,feasible_screening_candidate,,0.0029008122952570354,0.013094982871316007,4.514246886200434,5.237993148526403,4.532651169561798,0.9484278588939077,11.926201619285806,38.23893613201116,0.8681132999918191
g4x16_pm32_64,4x16,-32.0/64.0,feasible_screening_candidate,,0.0029006091403760933,0.013372089088802398,4.610096859540535,5.348835635520959,4.532302333120264,0.9437733273913285,11.654909517280121,39.58082056775166,0.6005509999959031
g4x16_p32_64,4x16,32.0/64.0,feasible_screening_candidate,,0.002908680922615825,0.013432921029455865,4.6182174624280945,5.373168411782346,4.536541797678543,1.2246357150831777,14.590281076049836,38.478808126593414,0.6058350999956019
g4x16_pm32_96,4x16,-32.0/96.0,feasible_screening_candidate,,0.0028870072767696806,0.01311286470406063,4.5420268973941855,5.245145881624252,4.529166392074385,0.46836860948125114,8.82316681303173,39.630178145795014,0.6863818999991054
g4x16_p32_96,4x16,32.0/96.0,feasible_screening_candidate,,0.0028924425442138336,0.013153862941436412,4.547666112763403,5.261545176574565,4.531283008511669,0.657511083201312,10.820473802706987,38.89118493339872,0.6692933000012999
g4x16_pm32_128,4x16,-32.0/128.0,feasible_screening_candidate,,0.002882420566993493,0.013024148330692882,4.518476061346492,5.209659332277153,4.527924968757915,0.30839949594203553,7.392688445666245,39.618368745759454,0.736528499997803
g4x16_p32_128,4x16,32.0/128.0,feasible_screening_candidate,,0.0028865115505483157,0.01305501177784965,4.522764433549468,5.22200471113986,4.529241669797589,0.4507645646106617,8.902271837216837,39.063492005161535,0.6964948000095319
g4x16_pm64_64,4x16,-64.0/64.0,feasible_screening_candidate,,0.0028995713753671064,0.013381175172737531,4.614880422125625,5.352470069095013,4.5305097645535,0.9076582747485462,10.13880241312361,38.78408735995411,0.5645957000087947
g4x16_p64_64,4x16,64.0/64.0,feasible_screening_candidate,,0.0029036115131638334,0.0134114369364272,4.618881305444966,5.3645747745708805,4.534252050618692,1.0482371741799668,13.094205865527472,37.513086460447504,0.528891099995235
g4x16_pm64_96,4x16,-64.0/96.0,feasible_screening_candidate,,0.002885294325290512,0.013117167147559386,4.546214586353735,5.246866859023754,4.527850960327124,0.4087583296128905,7.298260988826478,39.471202889016205,0.6381666000088444
g4x16_p64_96,4x16,64.0/96.0,feasible_screening_candidate,,0.0028880148491599576,0.013137558642136133,4.548992760877764,5.255023456854453,4.529636927953233,0.5034301327955015,9.306154869972088,38.544722625223656,0.6362693999981275
g4x16_pm64_128,4x16,-64.0/128.0,feasible_screening_candidate,,0.0028803659126634255,0.013025979934466424,4.522335123186318,5.21039197378657,4.526846934121555,0.23689775930504364,5.864830990620073,39.63774128748206,0.5866908000025433
g4x16_p64_128,4x16,64.0/128.0,feasible_screening_candidate,,0.002882413588101703,0.013041329591106363,4.5244477214996435,5.216531836442545,4.527915944768722,0.30815628243576754,7.38124117561987,38.94106274243794,0.5742982999945525
g4x4x4_pm16_m16_64,4x4x4,-16.0/-16.0/64.0,excluded_geometry,tangent_angle_above_30_deg,,,,,5.438249024211774,4.731735062440778,30.120670892369535,,0.0867047000065213
g4x4x4_pm16_16_64,4x4x4,-16.0/16.0/64.0,excluded_loss,Rac_above_frozen_baseline,0.003052715624511339,0.015774778844363374,5.167457694946122,6.30991153774535,5.427769404545379,6.235256052466864,27.342636136123787,15.212160240334526,0.6381671999988612
g4x4x4_p16_m16_64,4x4x4,16.0/-16.0/64.0,excluded_loss,Rac_above_frozen_baseline,0.002962638170147815,0.015127252815019887,5.106007533233511,6.050901126007955,5.409881824569352,3.1006278974174517,21.393635732193346,30.79479101760038,0.668220299994573
g4x4x4_p16_16_64,4x4x4,16.0/16.0/64.0,excluded_geometry,tangent_angle_above_30_deg;bend_radius_below_10_wire_diameters,,,,,5.478261246906027,8.770318668581512,38.167023778530215,,0.08523710000736173
g4x4x4_pm16_m16_96,4x4x4,-16.0/-16.0/96.0,feasible_screening_candidate,,0.0030070612463757238,0.01366580936658335,4.544573005639355,5.46632374663334,5.43265877712748,4.645731900094718,28.68784203339144,29.654684898705455,0.7481009000039194
g4x4x4_pm16_16_96,4x4x4,-16.0/16.0/96.0,excluded_loss,Rac_above_frozen_baseline,0.0030161855356316274,0.015432007896132433,5.116398747300794,6.1728031584529734,5.4146498673968075,4.963410761267539,23.17839958645915,18.164807999405866,0.730789499997627
g4x4x4_p16_m16_96,4x4x4,16.0/-16.0/96.0,excluded_loss,Rac_above_frozen_baseline,0.0029552703775474988,0.014997290695107305,5.074760945410742,5.998916278042922,5.404648004578866,2.8435725324235106,19.19286188130327,28.696610765332554,0.7273129999957746
g4x4x4_p16_16_96,4x4x4,16.0/16.0/96.0,excluded_geometry,tangent_angle_above_30_deg,,,,,5.456811607652303,7.375261241570263,34.25323649297971,,0.11139139998704195
g4x4x4_pm16_m16_128,4x4x4,-16.0/-16.0/128.0,feasible_screening_candidate,,0.0030092252972246793,0.013707477269646771,4.555151547572319,5.482990907858708,5.429970832064854,4.721040536629784,27.95984494832687,28.6473518538898,0.8496874999982538
g4x4x4_pm16_16_128,4x4x4,-16.0/16.0/128.0,excluded_loss,Rac_above_frozen_baseline,0.0030009446035101257,0.015295109823265039,5.096765133676494,6.118043929306015,5.408946463800508,4.432921714749227,21.02094650345769,19.61566905847405,0.8155981000018073
g4x4x4_p16_m16_128,4x4x4,16.0/-16.0/128.0,excluded_loss,Rac_above_frozen_baseline,0.002955026179858715,0.014968307461020746,5.065372199760479,5.987322984408299,5.402254809046262,2.8349628081886014,18.077757443061056,27.55282360559103,0.7922009999892907
g4x4x4_p16_16_128,4x4x4,16.0/16.0/128.0,excluded_geometry,tangent_angle_above_30_deg,,,,,5.447133185923487,6.778153956004873,32.20461728912583,,0.14061060000676662
g4x4x4_pm16_m32_64,4x4x4,-16.0/-32.0/64.0,feasible_screening_candidate,,0.0029397250671525784,0.013503343991569392,4.593403696982027,5.401337596627757,5.407039092141132,2.30243233691263,20.234553610987746,26.83056457989801,0.6441562999971211
g4x4x4_pm16_32_64,4x4x4,-16.0/32.0/64.0,feasible_screening_candidate,,0.00296187528193901,0.013700523441572472,4.625624692949036,5.480209376628989,5.40939660976388,3.073259811479412,21.201319633595574,27.16038598917658,0.6444440000050236
g4x4x4_p16_m32_64,4x4x4,16.0/-32.0/64.0,feasible_screening_candidate,,0.0029234262991224636,0.01350137386650757,4.618339060081771,5.4005495466030276,5.40034815391322,1.7352352094617274,17.127882816051557,26.62709608637501,0.6352136000059545
g4x4x4_p16_32_64,4x4x4,16.0/32.0/64.0,feasible_screening_candidate,,0.0030084022517952,0.013990822241822994,4.650582292801525,5.596328896729197,5.435632016937623,4.692398362526862,29.46282804107859,28.845071268211328,0.6561883999966085
g4x4x4_pm16_m32_96,4x4x4,-16.0/-32.0/96.0,feasible_screening_candidate,,0.0029285455841562063,0.013514911135953829,4.614888430991537,5.4059644543815315,5.404114452053855,1.9133863286362462,18.95098227568654,34.346795828598914,0.7236076000117464
g4x4x4_pm16_32_96,4x4x4,-16.0/32.0/96.0,feasible_screening_candidate,,0.0029329629010191893,0.013595964751518828,4.63557338103196,5.438385900607531,5.40149802693596,2.0671089554678,17.707832054364747,32.79680381552665,0.7080741999961901
g4x4x4_p16_m32_96,4x4x4,16.0/-32.0/96.0,feasible_screening_candidate,,0.0029069478028448887,0.013464715425631794,4.631908220868132,5.385886170252718,5.396384443544477,1.1617835390020925,14.929517745149166,34.06331518563619,0.7545967999903951
g4x4x4_p16_32_96,4x4x4,16.0/32.0/96.0,feasible_screening_candidate,,0.0029750053675865664,0.013839634432993441,4.651969567443389,5.535853773197377,5.420906538825851,3.530186792014156,25.28015703307025,33.28995520849725,0.7424631000030786
g4x4x4_pm16_m32_128,4x4x4,-16.0/-32.0/128.0,feasible_screening_candidate,,0.002926401467695434,0.013531504661653976,4.6239399518584,5.412601864661591,5.402721746910039,1.8387710758011266,18.301644715947436,36.88089694106308,0.8225725999946008
g4x4x4_pm16_32_128,4x4x4,-16.0/32.0/128.0,feasible_screening_candidate,,0.002921753867115183,0.013555007970480228,4.639339447119094,5.422003188192091,5.398097660536474,1.6770345756083938,15.922021529097297,33.65973026767187,0.80471789999865
g4x4x4_p16_m32_128,4x4x4,16.0/-32.0/128.0,feasible_screening_candidate,,0.002902139738778822,0.013457005401432635,4.636925376686081,5.382802160573054,5.394611754570449,0.9944629095030244,13.818388887423515,36.6668885558452,0.8258654000092065
g4x4x4_p16_32_128,4x4x4,16.0/32.0/128.0,feasible_screening_candidate,,0.0029614278847811043,0.013774937642009696,4.651451319412385,5.509975056803879,5.414451277182071,3.0576903903825725,23.10754853972017,34.06206274983507,0.8284918999997899
g4x4x4_pm16_m64_64,4x4x4,-16.0/-64.0/64.0,feasible_screening_candidate,,0.0029246272181506585,0.013505403827055708,4.61782060402065,5.4021615308222835,5.39658533235416,1.7770271916429214,15.04970674298817,26.596548696491386,0.6337510000012117
g4x4x4_pm16_64_64,4x4x4,-16.0/64.0/64.0,feasible_screening_candidate,,0.002935778641558451,0.013614156771048552,4.637324006084297,5.4456627084194205,5.404450446871732,2.165096726234106,19.103727408842136,26.775551109041906,0.6304513000068255
g4x4x4_p16_m64_64,4x4x4,16.0/-64.0/64.0,feasible_screening_candidate,,0.002924433937963643,0.013586295183642277,4.645786320310164,5.4345180734569105,5.396440893028521,1.7703010411347808,14.963399642437059,26.895093092005816,0.6477807999908691
g4x4x4_p16_64_64,4x4x4,16.0/64.0/64.0,feasible_screening_candidate,,0.0029673950153519825,0.013814973948690959,4.655589794152253,5.525989579476383,5.419201706453252,3.265346534248992,24.73083359884369,28.013082693275532,0.6455013000086183
g4x4x4_pm16_m64_96,4x4x4,-16.0/-64.0/96.0,feasible_screening_candidate,,0.0029089146266778484,0.013491642400935207,4.638033126583524,5.396656960374083,5.394595329982633,1.2302290083891165,13.807630778757696,34.14522300977375,0.9926743000105489
g4x4x4_pm16_64_96,4x4x4,-16.0/64.0/96.0,feasible_screening_candidate,,0.0029111054221343407,0.013545442336134235,4.653023636019027,5.418176934453694,5.397496196515272,1.3064686902750644,15.581678408078076,34.100388505829685,0.981564800007618
g4x4x4_p16_m64_96,4x4x4,16.0/-64.0/96.0,feasible_screening_candidate,,0.0029034313655601695,0.013527786965992402,4.659241174582557,5.411114786396961,5.3930671489412365,1.0394115214939381,12.763127729629034,34.14140423291977,1.012814800007618
g4x4x4_p16_64_96,4x4x4,16.0/64.0/96.0,feasible_screening_candidate,,0.00293785737801037,0.01369776463256156,4.662501568349861,5.479105853024624,5.407479657092649,2.2374367547608687,20.41949734982855,34.62966275203836,1.0114975000033155
g4x4x4_pm16_m64_128,4x4x4,-16.0/-64.0/128.0,feasible_screening_candidate,,0.0029044917359935594,0.013494997261628101,4.646250872189786,5.39799890465124,5.393663779654295,1.076312412575886,13.181676256011269,36.74156571450125,0.8297170000005281
g4x4x4_pm16_64_128,4x4x4,-16.0/64.0/128.0,feasible_screening_candidate,,0.0029021010600070287,0.013521353843163659,4.659160230323237,5.408541537265464,5.3945600253505805,0.993116888244594,13.784474999852284,36.67738221950202,0.8161052999930689
g4x4x4_p16_m64_128,4x4x4,16.0/-64.0/128.0,feasible_screening_candidate,,0.002896315773910792,0.013508367770356088,4.663983082243902,5.403347108142436,5.391584545654764,0.7917889320955718,11.652469513899515,36.695550231039874,0.8141080000059446
g4x4x4_p16_64_128,4x4x4,16.0/64.0/128.0,feasible_screening_candidate,,0.0029263148457557464,0.013649492194020077,4.664396318740944,5.459796877608031,5.402490379570475,1.8357566322999563,18.191113369047983,36.952189342082086,0.8417465999955311
g4x4x4_pm32_m16_64,4x4x4,-32.0/-16.0/64.0,feasible_screening_candidate,,0.002986022972642904,0.013551593243554835,4.538341924262034,5.420637297421934,5.427340692096762,3.9135994479731373,27.2201137982995,31.25101413271506,0.6493778000003658
g4x4x4_pm32_16_64,4x4x4,-32.0/16.0/64.0,excluded_geometry,tangent_angle_above_30_deg,,,,,5.438108961277393,6.471560819607269,30.08601029150744,,0.08505250001326203
g4x4x4_p32_m16_64,4x4x4,32.0/-16.0/64.0,feasible_screening_candidate,,0.002962494166820566,0.01351261447279527,4.561229056291239,5.405045789118108,5.409691902212597,3.0947970053557095,21.31861644132649,30.89608867666555,0.6551437000016449
g4x4x4_p32_16_64,4x4x4,32.0/16.0/64.0,excluded_geometry,tangent_angle_above_30_deg,,,,,5.463251959259475,7.743783179838459,35.50984554690444,,0.08617350000713486
g4x4x4_pm32_m16_96,4x4x4,-32.0/-16.0/96.0,feasible_screening_candidate,,0.002982323246317606,0.01360374217709916,4.56145798209374,5.441496870839664,5.422621862060547,3.784848971852761,25.817048592243083,29.303652811734576,0.7352601000020513
g4x4x4_pm32_16_96,4x4x4,-32.0/16.0/96.0,feasible_screening_candidate,,0.003021939995138702,0.013971420521011784,4.6233282406292515,5.5885682084047135,5.423166626954992,5.16351183082735,25.984406817055685,18.55775595039662,0.7388389999978244
g4x4x4_p32_m16_96,4x4x4,32.0/-16.0/96.0,feasible_screening_candidate,,0.0029563267919088094,0.01354199765255051,4.580683600207425,5.416799061020204,5.406420378809431,2.8801723584265693,19.971295256293505,28.8189925368922,0.7259584999992512
g4x4x4_p32_16_96,4x4x4,32.0/16.0/96.0,excluded_geometry,tangent_angle_above_30_deg,,,,,5.444174176348068,6.374015576002989,31.534328225334626,,0.10769070000969805
g4x4x4_pm32_m16_128,4x4x4,-32.0/-16.0/128.0,feasible_screening_candidate,,0.0029838983244618515,0.013642321522002447,4.571979350021201,5.456928608800979,5.4203552768827885,3.8396616912724557,25.104297404864944,28.24458822166091,0.8648401000100421
g4x4x4_pm32_16_128,4x4x4,-32.0/16.0/128.0,feasible_screening_candidate,,0.0030061495629376263,0.013890380273696322,4.620655088139581,5.5561521094785284,5.416582799362179,4.614004790229509,23.85384721029651,19.951462922572603,0.8541490999923553
g4x4x4_p32_m16_128,4x4x4,32.0/-16.0/128.0,feasible_screening_candidate,,0.002956691462968175,0.013568566682859893,4.589104697870175,5.427426673143957,5.4048584287187476,2.892862911292493,19.287260333440575,27.690333145670042,0.8364809000049718
g4x4x4_p32_16_128,4x4x4,32.0/16.0/128.0,feasible_screening_candidate,,0.0030399747814932095,0.014042374357711529,4.619240410545128,5.616949743084612,5.435615394126817,5.791122395963955,29.45857886437441,21.009984194313287,0.8426895000011427
g4x4x4_pm32_m32_64,4x4x4,-32.0/-32.0/64.0,feasible_screening_candidate,,0.0029235469180856153,0.0134972719583222,4.616745459026334,5.39890878332888,5.400507063605938,1.7394327924832087,17.209380405559223,38.355060757972176,0.570855699988897
g4x4x4_pm32_32_64,4x4x4,-32.0/32.0/64.0,excluded_loss,Rac_above_frozen_baseline,0.0029615942266428053,0.01537664146661933,5.192014938538672,6.150656586647732,5.408586327216041,3.0642803324096413,20.87524947840232,29.835542900283407,0.5465639000030933
g4x4x4_p32_m32_64,4x4x4,32.0/-32.0/64.0,excluded_loss,Rac_above_frozen_baseline,0.002915339573512036,0.015087998089126838,5.1753827328425785,6.035199235650735,5.395031998734619,1.45465650557699,14.090578990594857,38.57792407629664,0.5477809000003617
g4x4x4_p32_32_64,4x4x4,32.0/32.0/64.0,feasible_screening_candidate,,0.0029849733865216933,0.01388750255698586,4.652471147546337,5.555001022794344,5.425316323825656,3.877074977990258,26.630782229968812,29.93028255705957,0.552416100006667
g4x4x4_pm32_m32_96,4x4x4,-32.0/-32.0/96.0,feasible_screening_candidate,,0.0029109976532566903,0.013495642290900311,4.6360883444210295,5.398256916360125,5.398135389314244,1.3027183532371867,15.943097086861592,37.670793800963885,0.6053920999984257
g4x4x4_pm32_32_96,4x4x4,-32.0/32.0/96.0,excluded_loss,Rac_above_frozen_baseline,0.0029314454350392377,0.015103874018508556,5.152364031059097,6.0415496074034225,5.399174761284285,2.0144644881720186,16.511721634169454,31.993290852218575,0.5942077000072459
g4x4x4_p32_m32_96,4x4x4,32.0/-32.0/96.0,excluded_loss,Rac_above_frozen_baseline,0.002900148681612947,0.014911155905237679,5.141514295379053,5.964462362095071,5.391876581234269,0.9253427393365321,11.880089765069226,37.9214609998332,0.600003999992623
g4x4x4_p32_32_96,4x4x4,32.0/32.0/96.0,feasible_screening_candidate,,0.0029525569597069006,0.013753582453048193,4.658193776018975,5.501432981219277,5.41247721261895,2.748982360361385,22.38751798961118,31.967514661027217,0.6632520999992266
g4x4x4_pm32_m32_128,4x4x4,-32.0/-32.0/128.0,feasible_screening_candidate,,0.0029081798067855627,0.01350493390636015,4.643775420917758,5.40197356254406,5.397014599804807,1.204657285166033,15.302998042975187,37.21394363609182,0.6438372999982676
g4x4x4_pm32_32_128,4x4x4,-32.0/32.0/128.0,excluded_loss,Rac_above_frozen_baseline,0.002919592924868469,0.015001166795658081,5.138102188110317,6.000466718263232,5.395305950820332,1.601886118349194,14.264937735035067,32.98564638138068,0.6662186999892583
g4x4x4_p32_m32_128,4x4x4,32.0/-32.0/128.0,excluded_loss,Rac_above_frozen_baseline,0.002895996483704741,0.014856583861421763,5.130042092598223,5.9426335445687055,5.390503048325444,0.7807312385976983,10.764694883660626,37.45359446005839,0.6649852999980794
g4x4x4_p32_32_128,4x4x4,32.0/32.0/128.0,feasible_screening_candidate,,0.00293951293950419,0.01369775206169322,4.6598713268476475,5.479100824677288,5.40693308318802,2.2950503375890996,20.189743685936598,32.91287632726386,0.658070300007239
g4x4x4_pm32_m64_64,4x4x4,-32.0/-64.0/64.0,feasible_screening_candidate,,0.002912420883204152,0.013501279840288698,4.635758491552575,5.400511936115479,5.39202975649092,1.352246735504492,11.997628921477345,26.003715274519546,0.5984195999917574
g4x4x4_pm32_64_64,4x4x4,-32.0/64.0/64.0,feasible_screening_candidate,,0.0029316356944438645,0.013608090357385657,4.641808115236205,5.443236142954263,5.3984150474383,2.020922166647665,16.09834164674305,26.47415665541484,0.5379157999996096
g4x4x4_p32_m64_64,4x4x4,32.0/-64.0/64.0,feasible_screening_candidate,,0.002912323839546702,0.0135132262903013,4.64001499654812,5.40529051612052,5.391948848871739,1.3488696162253788,11.935699237181538,26.158145921484127,0.5596634999965318
g4x4x4_p32_64_64,4x4x4,32.0/64.0/64.0,feasible_screening_candidate,,0.0029475085077390836,0.013735138235859604,4.659914704163239,5.494055294343841,5.411008574310617,2.5732960693304996,21.83210767838618,27.23484402542795,0.5397872000030475
g4x4x4_pm32_m64_96,4x4x4,-32.0/-64.0/96.0,feasible_screening_candidate,,0.0028953157826222234,0.013477323940741474,4.65487185253947,5.39092957629659,5.390502937650677,0.7569892352533802,10.76460004390152,33.791755183765595,0.7366960999934236
g4x4x4_pm32_64_96,4x4x4,-32.0/64.0/96.0,feasible_screening_candidate,,0.0029056305122596724,0.013525444233949415,4.654908522223236,5.410177693579766,5.392767333158143,1.1159418266366128,12.547071154464183,33.87861951738486,0.7630350999970688
g4x4x4_p32_m64_96,4x4x4,32.0/-64.0/96.0,feasible_screening_candidate,,0.0028925625613958634,0.013463096004139927,4.654383688642863,5.385238401655971,5.38934754659688,0.6611771365760521,9.72122549260217,33.80188043352044,0.7693049000081373
g4x4x4_p32_64_96,4x4x4,32.0/64.0/96.0,feasible_screening_candidate,,0.002919062224828713,0.013632603391690947,4.670199653757258,5.453041356676379,5.401008312884245,1.5833654240394512,17.46357100640553,34.088644682547084,0.7617963999946369
g4x4x4_pm32_m64_128,4x4x4,-32.0/-64.0/128.0,feasible_screening_candidate,,0.002890199442613385,0.013475194326282637,4.662375242207526,5.390077730513055,5.389800567016988,0.57894060294581,10.143814210048845,36.47161395624457,0.6695043999934569
g4x4x4_pm32_64_128,4x4x4,-32.0/64.0/128.0,feasible_screening_candidate,,0.0028959470714720555,0.013494731584802792,4.659868171535058,5.397892633921117,5.390473986329314,0.7789580872275437,10.739760509227875,36.501696599741415,0.6819379000080517
g4x4x4_p32_m64_128,4x4x4,32.0/-64.0/128.0,feasible_screening_candidate,,0.0028860941123936192,0.01344822500842155,4.659662673740078,5.37929000336862,5.388247919335109,0.43607511129795107,8.60522731177108,36.49165583732047,0.6489148999971803
g4x4x4_p32_64_128,4x4x4,32.0/64.0/128.0,feasible_screening_candidate,,0.0029081047847337818,0.01359146124338466,4.673649077135599,5.436584497353865,5.39686017254135,1.2020465087356325,15.212421574878856,36.51047502941187,0.633622599998489
g4x4x4_pm64_m16_64,4x4x4,-64.0/-16.0/64.0,feasible_screening_candidate,,0.0029771797960985867,0.013535509538923476,4.546419922861541,5.41420381556939,5.422419533039363,3.6058569042308086,25.754511183155103,31.13905650999792,0.6298291999992216
g4x4x4_pm64_16_64,4x4x4,-64.0/16.0/64.0,excluded_geometry,tangent_angle_above_30_deg,,,,,5.443817942389004,6.690326747279096,31.45210198919056,,0.08209179999539629
g4x4x4_p64_m16_64,4x4x4,64.0/-16.0/64.0,feasible_screening_candidate,,0.0029654036370472523,0.013515780008371172,4.557821350023455,5.406312003348469,5.413603359058791,3.196046569244393,22.80183968651973,30.95826983787501,0.6141301000025123
g4x4x4_p64_16_64,4x4x4,64.0/16.0/64.0,excluded_geometry,tangent_angle_above_30_deg,,,,,5.456376600507241,7.327028299929017,34.1654814487087,,0.08306579999043606
g4x4x4_pm64_m16_96,4x4x4,-64.0/-16.0/96.0,feasible_screening_candidate,,0.0029728626704450265,0.013581365358264706,4.568446936108093,5.432546143305882,5.418096867180612,3.4556209314869246,24.3659480564267,29.149831385151224,0.9926409999898169
g4x4x4_pm64_16_96,4x4x4,-64.0/16.0/96.0,feasible_screening_candidate,,0.003027743704872597,0.014004065766775977,4.625248082999564,5.601626306710391,5.427908014831936,5.365480929566369,27.382083924099817,18.79276907872725,1.0010548999998719
g4x4x4_p64_m16_96,4x4x4,64.0/-16.0/96.0,feasible_screening_candidate,,0.0029598514275610845,0.013550632172580233,4.578146067198361,5.420252869032093,5.410002693523743,3.002829679125729,21.441208832282502,28.906374264768793,0.9968194999964908
g4x4x4_p64_16_96,4x4x4,64.0/16.0/96.0,excluded_geometry,tangent_angle_above_30_deg,,,,,5.438402636310096,5.971309117890522,30.1586150317485,,0.17820490000303835
g4x4x4_pm64_m16_128,4x4x4,-64.0/-16.0/128.0,feasible_screening_candidate,,0.0029741383665901804,0.013616594338383284,4.57833249836139,5.446637735353313,5.416022527381227,3.5000151573382876,23.660644923256708,28.070586829752536,0.8563713999901665
g4x4x4_pm64_16_128,4x4x4,-64.0/16.0/128.0,feasible_screening_candidate,,0.0030116961816623006,0.013919953599362,4.62196475332346,5.5679814397448,5.420859370111958,4.807027121848062,25.265174171062235,20.164799760875397,0.8438961000065319
g4x4x4_p64_m16_128,4x4x4,64.0/-16.0/128.0,feasible_screening_candidate,,0.0029605213305941487,0.01358004811177231,4.587046197382716,5.432019244708924,5.4082799202489795,3.0261423046763714,20.750294431540812,27.792255849344702,0.8404243000113638
g4x4x4_p64_16_128,4x4x4,64.0/16.0/128.0,feasible_screening_candidate,,0.0030286250745059943,0.013994589519821958,4.62077318107942,5.597835807928783,5.43036807984443,5.396152592808612,28.069159989276834,20.695784675086834,0.8273692999937339
g4x4x4_pm64_m32_64,4x4x4,-64.0/-32.0/64.0,feasible_screening_candidate,,0.00291846530199745,0.013483944533038986,4.620217524536041,5.393577813215594,5.397679003312274,1.5625925095112514,15.686003614256359,38.499127600416344,0.5479838000028394
g4x4x4_pm64_32_64,4x4x4,-64.0/32.0/64.0,feasible_screening_candidate,,0.002964482406707276,0.013788611468863577,4.651271141858093,5.5154445875454305,5.412299380750459,3.163987753413444,22.321194327745914,29.893290549285876,0.5547293999989051
g4x4x4_p64_m32_64,4x4x4,64.0/-32.0/64.0,feasible_screening_candidate,,0.002914369423923676,0.013489807859544154,4.6287226831327875,5.395923143817662,5.39287935097926,1.4200559525439083,12.628263081688953,38.608240334800435,0.5426895999989938
g4x4x4_p64_32_64,4x4x4,64.0/32.0/64.0,feasible_screening_candidate,,0.002976172182660392,0.0138545376900413,4.655153277340549,5.54181507601652,5.420656977943197,3.570791956581676,25.200748900411085,29.890604071224548,0.579773200006457
g4x4x4_pm64_m32_96,4x4x4,-64.0/-32.0/96.0,feasible_screening_candidate,,0.002905238764100352,0.01347973808070935,4.6398038768023735,5.391895232283741,5.3955647516992755,1.1023089906922579,14.427515844997162,37.79821985631704,0.7633993000054033
g4x4x4_pm64_32_96,4x4x4,-64.0/32.0/96.0,feasible_screening_candidate,,0.0029337188232010747,0.01367244626946421,4.660448766029242,5.468978507785684,5.402068103034152,2.093415047397418,17.987319327507333,32.01757287825819,0.7500299000093946
g4x4x4_p64_m32_96,4x4x4,64.0/-32.0/96.0,feasible_screening_candidate,,0.0028998109991741306,0.013474641067881175,4.646730794427212,5.38985642715247,5.391247206305954,0.9134227712597198,11.383469350754615,37.90950165581415,0.7713728999951854
g4x4x4_p64_32_96,4x4x4,64.0/32.0/96.0,feasible_screening_candidate,,0.0029442830372827643,0.013725718160889196,4.6618202078684865,5.490287264355678,5.408714199200887,2.4610496974402096,20.92712486315484,31.986192478670876,0.7602975000045262
g4x4x4_pm64_m32_128,4x4x4,-64.0/-32.0/128.0,feasible_screening_candidate,,0.002902084203566498,0.013487810781605642,4.647629026418284,5.395124312642257,5.394570919937619,0.9925302841141237,13.791625153684425,37.331940038203676,0.6571043000003556
g4x4x4_pm64_32_128,4x4x4,-64.0/32.0/128.0,feasible_screening_candidate,,0.0029215520276697437,0.013624994694325413,4.663615285740036,5.449997877730165,5.397796232628623,1.6700105629070983,15.752494665995812,32.99833637401828,0.6426410999993095
g4x4x4_p64_m32_128,4x4x4,64.0/-32.0/128.0,feasible_screening_candidate,,0.002895986893863493,0.013477050962522975,4.653698879328643,5.3908203850091905,5.390491817443647,0.7803439064495432,10.75506636432314,37.437562602019035,0.6459386999922572
g4x4x4_p64_32_128,4x4x4,64.0/32.0/128.0,feasible_screening_candidate,,0.0029315215621452673,0.013671967431012219,4.663778567266334,5.468786972404888,5.4036056649086515,2.016950362655323,18.716855681401164,32.95324714971986,0.6333344000013312
g4x4x4_pm64_m64_64,4x4x4,-64.0/-64.0/64.0,feasible_screening_candidate,,0.002909349150667927,0.013512073303543927,4.644362915479509,5.404829321417571,5.390157208036962,1.245350443244364,10.463891473168166,38.66754886519471,0.4958129000006011
g4x4x4_pm64_64_64,4x4x4,-64.0/64.0/64.0,excluded_loss,Rac_above_frozen_baseline,0.002932564967381676,0.015249049882948628,5.199901810381257,6.0996199531794515,5.400946090070134,2.054080647183376,17.432250298617593,32.80124935619547,0.4869371999957366
g4x4x4_p64_m64_64,4x4x4,64.0/-64.0/64.0,excluded_loss,Rac_above_frozen_baseline,0.0029092764553492116,0.015109267007177534,5.193479285681673,6.0437068028710135,5.390101313747811,1.2436601148621662,10.414413161725404,38.68587221492447,0.5004173000052106
g4x4x4_p64_64_64,4x4x4,64.0/64.0/64.0,feasible_screening_candidate,,0.0029405330287929654,0.013701096374592827,4.659392103552353,5.480438549837131,5.407362525830161,2.3305496069056186,20.37052708439275,32.17013435038833,0.4948703999980353
g4x4x4_pm64_m64_96,4x4x4,-64.0/-64.0/96.0,feasible_screening_candidate,,0.0028915616640627258,0.013482557711878028,4.66272529458516,5.393023084751211,5.388850655632694,0.6263459095678492,9.234375201603816,38.901788826564385,0.5809456999995746
g4x4x4_pm64_64_96,4x4x4,-64.0/64.0/96.0,excluded_loss,Rac_above_frozen_baseline,0.002905938529912706,0.01500426927281117,5.163312684821966,6.001707709124468,5.3933730326972125,1.1268274349925722,12.979544489675948,35.26352637140323,0.5795421000075294
g4x4x4_p64_m64_96,4x4x4,64.0/-64.0/96.0,excluded_loss,Rac_above_frozen_baseline,0.002890178727673521,0.014911102640137326,5.159232021661224,5.96444105605493,5.387877620508087,0.5783890427057514,8.193805460380638,39.32391168948228,0.5806761000130791
g4x4x4_p64_64_96,4x4x4,64.0/64.0/96.0,feasible_screening_candidate,,0.002912666176418631,0.013607170235108317,4.671723229141034,5.442868094043327,5.398190104262287,1.360782962622853,15.973605270999302,34.69379589375626,0.5709900000074413
g4x4x4_pm64_m64_128,4x4x4,-64.0/-64.0/128.0,feasible_screening_candidate,,0.0028861018277614703,0.013477286536613798,4.669719691445227,5.390914614645519,5.388257568104085,0.43634360627731184,8.61567550298992,38.872599285559126,0.5289362000039546
g4x4x4_pm64_64_128,4x4x4,-64.0/64.0/128.0,excluded_loss,Rac_above_frozen_baseline,0.0028959283097526297,0.014915212452619819,5.1504080409690385,5.966084981047928,5.390422684237099,0.7783584590645543,10.695594440013492,36.293212195704925,0.5259206000046106
g4x4x4_p64_m64_128,4x4x4,64.0/-64.0/128.0,excluded_loss,Rac_above_frozen_baseline,0.002884045427015968,0.014845361351909784,5.147408987683601,5.938144540763914,5.386965658241535,0.3648347982674327,7.075643702196649,39.354806473512824,0.5409671000088565
g4x4x4_p64_64_128,4x4x4,64.0/64.0/128.0,feasible_screening_candidate,,0.002902015088208708,0.01357034502504679,4.676180037858864,5.428138010018716,5.394448880664475,0.9901250749497326,13.7112962786328,35.74676901287326,0.5329258000128902
