case,solver_status,physical_status,time_s,peak_rss_GiB,peak_private_GiB,minimum_available_GiB,power_error_pct,Rdc_limit_ohm_per_m,Rac_ohm_per_m,K,current_identity_mapping_error_pct,cut_same_strand_error_pct,cut_periodic_mapping_error_pct,analytic_Rac_max_error_pct
baseline_64_av_air10,solved,power_pass_other_checks_pending,169.54700000000594,1.9439163208007812,2.147533416748047,3.1842727661132812,0.008220201370545688,0.002882173564982415,0.014430638574237917,5.006859666456611,0.0,0.2012828364253862,0.2012828364253862,
baseline_64_av_length1,solved,power_pass_other_checks_pending,255.96899999999732,2.6713638305664062,2.956501007080078,2.5700416564941406,0.005597683325153646,0.002882167360554759,0.01441696813237203,5.002127332951635,0.0,0.20402993043320294,0.20402993043320294,
baseline_64_av_m2,solved,power_pass_other_checks_pending,114.79699999999139,1.9728927612304688,2.1528778076171875,3.1285400390625,0.005579830565427546,0.002882173561352988,0.014414321411712915,5.001198264044291,0.0,0.20134033108874463,0.20134033108874463,
baseline_64_av_m3,solved,accepted_formal_baseline,350.84300000000803,2.792285919189453,3.1018218994140625,2.221240997314453,0.005901003186570275,0.0028816840747698195,0.014314942597278368,4.967561407099009,0.0,0.0061126869889824055,0.0061126869889824055,
baseline_candidate_64_single_m2,incomplete,not_accepted,134.73399999999674,0.8737716674804688,0.8735771179199219,2.5334739685058594,,,,,,,,
baseline_candidate_64_single_m2_v2,solved,power_pass_other_checks_pending,179.95300000000861,3.0260238647460938,3.1821861267089844,0.5286941528320312,0.02634087163283505,0.0028821085857262123,0.014469780611129945,5.020553591489322,0.0,,,
confirm_three_m32_m16_64_m2,solved,power_pass_other_checks_pending,523.8899999999994,6.355842590332031,7.806568145751953,0.21856307983398438,0.003485096589139758,0.002988233110106901,0.01431786471930901,4.791414923716177,1.9617815839336304e-07,30.11367572407247,18.944543033203246,
confirm_two_m16_128_m2,solved,power_pass_other_checks_pending,119.18799999999464,3.0042762756347656,3.320690155029297,3.55999755859375,0.0034449945957693018,0.0028931148326755435,0.013308483915624393,4.600053812353085,1.2487745727051086e-08,7.731919804578125,4.914197014849975,
confirm_two_m32_128_m2,solved,power_pass_other_checks_pending,120.03100000000268,2.932262420654297,3.2540817260742188,3.656627655029297,0.0008407744191085698,0.0028830286578426815,0.013427896954302267,4.65756624297662,4.352821869112707e-08,15.748008523091983,11.55568550727094,
confirm_two_p16_128_m2,solved,power_pass_other_checks_pending,104.92200000000594,3.0397071838378906,3.356403350830078,3.5907630920410156,0.0031568962808536938,0.002901294503937043,0.013368541472425301,4.607785060869985,1.7837821923192548e-08,10.383397915433541,6.4829436223803345,
geometry_mapping_probe,incomplete,not_accepted,12.156000000002678,0.6041641235351562,0.6082534790039062,2.463298797607422,,,,,,,,
geometry_mapping_probe_v2,incomplete,not_accepted,13.172000000005937,0.6272354125976562,0.6705436706542969,2.205760955810547,,,,,,,,
holdout_three_64_m16_16_96,solved,power_pass_other_checks_pending,196.96799999999348,4.550956726074219,5.0929412841796875,3.1218185424804688,0.0017462570852444514,0.0030194651194590163,0.01615445415938607,5.350104578217611,3.132626577865627e-05,23.127479180521952,9.09799717847918,
holdout_two_64_m32_96,solved,power_pass_other_checks_pending,143.38999999999942,3.0751304626464844,3.433856964111328,4.303554534912109,0.0030738355345949486,0.0028878010788307928,0.013557598995830429,4.694782855791301,2.5561650051895774e-05,19.35086917220003,15.175772693671982,
pilot_7_helix_v1,incomplete,not_accepted,13.15700000000652,0.6058692932128906,0.602935791015625,2.4694480895996094,,,,,,,,
pilot_7_helix_v2,solved,provisional_end_geometry_not_used_as_reference,26.296000000002095,1.2202720642089844,1.4043922424316406,1.9029769897460938,0.002508797709177557,0.14350813012943878,0.1516468984588617,1.0567129424798587,,,,
pilot_7_periodic_conforming,incomplete,not_accepted,9.10899999999674,0.4857215881347656,0.49387359619140625,2.188568115234375,,,,,,,,
pilot_7_periodic_conforming_v2,incomplete,not_accepted,13.171999999991385,0.6484451293945312,0.6453857421875,2.1994552612304688,,,,,,,,
pilot_7_periodic_length,incomplete,not_accepted,15.188000000009197,0.6331558227539062,0.6317710876464844,2.7087974548339844,,,,,,,,
pilot_7_periodic_v1,solved,rejected_power_balance,28.344000000011874,1.4902877807617188,1.6457138061523438,1.7833747863769531,84.0639748664917,0.1436223883464045,0.17651657510137983,1.2290324449669885,,,,
pilot_7_periodic_weak,incomplete,not_accepted,14.171999999991385,0.6453628540039062,0.6396903991699219,2.46527099609375,,,,,,,,
pilot_7_periodic_weak_study,solved,rejected_power_balance,29.343999999997322,1.4460601806640625,1.6291999816894531,1.6429061889648438,1.8771530917225165,0.14338535149695106,0.15279762941373412,1.0656432321608753,,,,
pilot_7_periodic_weak_tet,incomplete,not_accepted,21.235000000000582,0.927093505859375,0.9134750366210938,2.1623878479003906,,,,,,,,
pilot_7_round_periodic_exact,incomplete,not_accepted,13.187000000005355,0.6655158996582031,0.6602630615234375,2.3087158203125,,,,,,,,
pilot_7_round_periodic_exact_v2,solved,power_pass_other_checks_pending,23.281000000002678,1.2526054382324219,1.4085159301757812,1.7017288208007812,0.0005000813988909059,0.14336271909380016,0.1515427924837456,1.0570585814893294,,,,
pilot_7_round_periodic_sign,solved,power_pass_rejected_twisted_extrude_area_error,23.264999999999418,1.360107421875,1.5187339782714844,1.6174964904785156,0.0004893247456783101,0.14472102531180864,0.15258863058442035,1.0543639409385095,,,,
pilot_7_round_periodic_v1,incomplete,not_accepted,12.125,0.6126365661621094,0.614166259765625,2.1601524353027344,,,,,,,,
pilot_7_round_periodic_v2,solved,rejected_power_balance,26.343999999997322,1.4762611389160156,1.7165031433105469,1.4452133178710938,62.97628752061713,0.14744042962380793,0.1561817722906959,1.0592872842896035,,,,
pilot_9_av_air15,solved,power_pass_other_checks_pending,110.54700000000594,1.4991722106933594,1.645111083984375,3.4711227416992188,0.0005603734545611694,0.1124179423849637,0.1157222344719896,1.0293929244471551,4.433440085359476e-11,0.6175066382070399,0.3508404626922038,
pilot_9_av_doublecell,solved,power_pass_other_checks_pending,239.5,1.6798553466796875,1.8883209228515625,3.2305526733398438,2.52311490589463e-05,0.1124202876643936,0.11572972491013561,1.0294380784331527,1.2999870193244318e-09,1.0563328181704206,0.38646520720182237,
pilot_9_av_m3,solved,power_pass_other_checks_pending,340.4380000000092,1.94000244140625,2.20849609375,2.431835174560547,0.0004770455656610828,0.11240624403965366,0.11570719304726942,1.029366242381084,6.6404774931459345e-09,0.4212268753979078,0.12846941746820645,
pilot_9_av_v1,incomplete,not_accepted,312.0939999999973,2.1252593994140625,2.3936500549316406,0.8647308349609375,,,,,,,,
pilot_9_av_v2,solved,power_pass_other_checks_pending,109.26600000000326,1.4919929504394531,1.632904052734375,1.9992027282714844,0.0003422946342035438,0.11241701419995999,0.11571805958797055,1.0293642862826695,4.5444365013614604e-11,0.634859776605497,0.35134496047007163,
pilot_9_iterative,incomplete,not_accepted,28.281000000002678,0.8314361572265625,0.8246421813964844,2.3072433471679688,,,,,,,,
pilot_9_iterative_v2,solved,power_pass_other_checks_pending,86.93799999999464,1.5389442443847656,1.7021141052246094,1.8783454895019531,0.0006483704549031799,0.11195986546434367,0.11939446920191465,1.0664041860602156,,,,
pilot_9_recursive_coarse,incomplete,not_accepted,16.203000000008615,0.6732978820800781,0.6659393310546875,2.051128387451172,,,,,,,,
pilot_9_recursive_coarse_tet,solved,power_pass_other_checks_pending,29.35899999999674,1.3985099792480469,1.5482025146484375,1.4935836791992188,0.00024183749982586988,0.11173150473316923,0.12109739564748075,1.0838249778939126,,,,
pilot_9_recursive_medium_fields,solved,power_pass_other_checks_pending,38.45299999999406,2.4021873474121094,2.6171417236328125,0.7331695556640625,0.0003959949897103243,0.1117149278147882,0.12109573577579802,1.0839709441209346,,,,
pilot_9_recursive_v1,incomplete,not_accepted,24.26600000000326,0.7227249145507812,0.7265052795410156,2.2299728393554688,,,,,,,,
pilot_9_recursive_v2,solved,power_pass_other_checks_pending,46.562999999994645,2.2959442138671875,2.5731048583984375,0.6310653686523438,0.0006483706941340373,0.11195986546434376,0.11939446920191582,1.0664041860602251,,,,
pilot_9_rve_v1,incomplete,not_accepted,28.34299999999348,1.21575927734375,1.2653923034667969,1.6207923889160156,,,,,,,,
pilot_9_rve_v2,incomplete,not_accepted,22.264999999999418,0.8251419067382812,0.81915283203125,0.9782066345214844,,,,,,,,
pilot_9_rve_v3,incomplete,not_accepted,86.04700000000594,0.7422561645507812,0.7344436645507812,1.3918037414550781,,,,,,,,
pilot_9_rve_v4,incomplete,not_accepted,78.84399999999732,1.8219528198242188,2.0293731689453125,0.5279769897460938,,,,,,,,
pilot_9_rve_v5,incomplete,not_accepted,391.48399999999674,3.2990493774414062,5.202602386474609,0.3302116394042969,,,,,,,,
pilot_9_rve_voltage_diag,solved,rejected_periodic_current_continuity,107.84399999999732,1.7720909118652344,1.9578857421875,2.128162384033203,2.1841824500403284,0.11236942016955677,0.11570048570578628,1.0296438793686324,0.7516382663567361,,,
pilot_single_fine,incomplete,not_accepted,47.875,0.8187751770019531,0.9597511291503906,2.794361114501953,,,,,,,,
pilot_single_gauge,incomplete,not_accepted,9.235000000000582,0.44913482666015625,0.4643821716308594,2.2758140563964844,,,,,,,,
pilot_single_v1,incomplete,not_accepted,33.25,0.5277748107910156,0.5364837646484375,2.9374732971191406,,,,,,,,
pilot_single_v2,solved,rejected_analytic_error,35.11000000000058,0.8131217956542969,0.8966102600097656,2.819072723388672,0.0010856287934735143,,,,,,,1.6640743463885554
pilot_single_verified,solved,single_wire_analytic_pass,14.171999999991385,0.88055419921875,0.9781455993652344,2.1786956787109375,0.0031889841417220843,,,,,,,0.08467350383858374
recommended_air10,solved,power_pass_other_checks_pending,155.46899999999732,2.9056625366210938,3.2310562133789062,3.8089332580566406,0.005180396332471471,0.0028931168571267483,0.01330211451210408,4.597849022011111,8.367821278300692e-09,8.432135506356385,5.441413555644008,
recommended_length8,solved,power_pass_other_checks_pending,575.1089999999967,4.673297882080078,5.332851409912109,2.5412864685058594,0.003720677734708744,0.0028931726252838844,0.013315855170611126,4.602509734207286,3.0724277829420915e-09,7.621149954197412,4.313158820103785,
recommended_m3,compile_failed,not_accepted,,,,,,,,,,,,
recommended_m325,solved,accepted_recommendation_integral_checks,632.375,6.629566192626953,10.118133544921875,0.06542587280273438,0.006003650408370476,0.0028927274597015753,0.013155524342885378,4.547792533570568,1.393985654170467e-08,3.4407959417094216,1.713815303281975,
recommended_m3_v2,solved,power_pass_other_checks_pending,488.89100000000326,7.078163146972656,8.163288116455078,0.4322662353515625,0.005777795101069572,0.002892745628947534,0.013174555630312848,4.5543429392739725,2.8940426785401404e-09,3.4049711804178937,1.6005898104228684,
validate_three_64_32_32_96,solved,power_pass_other_checks_pending,446.60899999999674,6.119434356689453,7.436485290527344,0.98651123046875,0.009884484261646342,0.0029541503139304997,0.01426200179865566,4.8277847377644285,2.2299523045166062e-05,18.112716784744343,8.884357292949135,
validate_two_64_16_96,incomplete,not_accepted,252.70300000000861,0.7756805419921875,0.7757453918457031,4.653690338134766,,,,,,,,
validate_two_64_16_96_curvature,solved,power_pass_other_checks_pending,250.11000000000058,3.0638885498046875,3.378856658935547,2.6815948486328125,0.0008054978505089849,0.002907966934535206,0.013460687039284961,4.628899620358458,5.376386220214551e-09,11.103937217978013,6.440307086304984,
validate_two_64_16_96_curvature_m3,solved,power_pass_other_checks_pending,417.06299999999464,6.152774810791016,8.387603759765625,0.35274505615234375,0.0053435717525363025,0.0029074649048341696,0.013351746321607464,4.592229574089733,1.3953265850718981e-08,5.9294026047580095,2.7210668684498485,
validate_two_64_16_96_z20,incomplete,not_accepted,300.3439999999973,0.7554283142089844,0.7541542053222656,4.694969177246094,,,,,,,,
