radial_ring,count,mean_Irms_A,min_Irms_A,max_Irms_A,mean_net_J_magnitude_A_mm2,loss_W_per_m,loss_fraction_percent
0,1,0.000540183491549148,0.000540183491549148,0.000540183491549148,0.0350912101958251,3.27164974695266e-07,5.48946399918915e-06
1,6,0.000563762162713171,0.000563759025233314,0.000563765199073844,0.0366229185109558,2.20510572265234e-06,3.69992187891778e-05
2,12,0.000807320540194134,0.000805841443215422,0.000808799959041053,0.0524448656690989,9.28269411457398e-06,0.000155753271586918
3,18,0.00148706545874025,0.00148533028905454,0.00148794188655157,0.0966022081800723,4.74166388927115e-05,0.000795598405381069
4,24,0.00293551370086598,0.0029317247907518,0.00293919214273689,0.190695777076064,0.000246729393621128,0.00413984450837533
5,30,0.00596772493174982,0.00595849934067867,0.00597515321684817,0.387673182056213,0.00127691432451085,0.0214252006070644
6,36,0.0123939256395056,0.0123744492345864,0.012413296586243,0.805129697552756,0.00661763856565465,0.11103660683618
7,42,0.0261267381246012,0.0260917451141631,0.026158191923467,1.69723567221906,0.0343400236564402,0.576187361648098
8,48,0.0556699665808235,0.0556179988429456,0.055721660264947,3.61641215102165,0.178307390179169,2.99179947391869
9,54,0.11959078093494,0.119538491060712,0.11963949457023,7.76881288938216,0.92622637473782,15.5410472773212
10,60,0.258560259365101,0.258494075246553,0.25862526276751,16.7964975542997,4.81279672945753,80.7533703948006
