strand_id,domain_id,radial_ring,ring_index,x_mm,y_mm,radius_mm,area_m2,I_real_rms_A,I_imag_rms_A,loss_W_per_m
1,167,0,0,0.00000000000,0.00000000000,0.00000000000,1.53936979811946e-08,0.0604229147217307,-5.65891595289540e-05,0.00408914742396105
2,184,1,0,0.150000000000,0.00000000000,0.150000000000,1.53936995226170e-08,0.0604229219038383,-5.53747538088045e-05,0.00408914783465816
3,174,1,1,0.0750000000000,0.129903810568,0.150000000000,1.53936978644024e-08,0.0604229153952936,-5.53746221900716e-05,0.00408914739418974
4,161,1,2,-0.0750000000000,0.129903810568,0.150000000000,1.53936978644024e-08,0.0604229153954900,-5.53745156372112e-05,0.00408914739420315
5,150,1,3,-0.150000000000,1.83697019872e-17,0.150000000000,1.53936995226170e-08,0.0604229219042325,-5.53745396273302e-05,0.00408914783468499
6,160,1,4,-0.0750000000000,-0.129903810568,0.150000000000,1.53936978644024e-08,0.0604229153952180,-5.53746631787448e-05,0.00408914739418460
7,173,1,5,0.0750000000000,-0.129903810568,0.150000000000,1.53936978644024e-08,0.0604229153950205,-5.53747709638897e-05,0.00408914739417119
8,205,2,0,0.300000000000,0.00000000000,0.300000000000,1.53937010640395e-08,0.0604229309512513,-5.20965112458860e-05,0.00408914825593390
9,203,2,1,0.259807621135,0.150000000000,0.300000000000,1.53937010104469e-08,0.0604229307611741,-5.20742938161063e-05,0.00408914824182210
10,185,2,2,0.150000000000,0.259807621135,0.300000000000,1.53936986083174e-08,0.0604229213125743,-5.20962560985199e-05,0.00408914760363431
11,168,2,3,1.83697019872e-17,0.300000000000,0.300000000000,1.53937010104469e-08,0.0604229307616533,-5.20740366502895e-05,0.00408914824185702
12,151,2,4,-0.150000000000,0.259807621135,0.300000000000,1.53936986083173e-08,0.0604229213129606,-5.20960444175108e-05,0.00408914760366193
13,132,2,5,-0.259807621135,0.150000000000,0.300000000000,1.53937010104470e-08,0.0604229307618446,-5.20739255682170e-05,0.00408914824186998
14,129,2,6,-0.300000000000,3.67394039744e-17,0.300000000000,1.53937010640395e-08,0.0604229309520283,-5.20960831357379e-05,0.00408914825598923
15,131,2,7,-0.259807621135,-0.150000000000,0.300000000000,1.53937010104470e-08,0.0604229307615366,-5.20740943318545e-05,0.00408914824184794
16,149,2,8,-0.150000000000,-0.259807621135,0.300000000000,1.53936986083174e-08,0.0604229213124258,-5.20963377477201e-05,0.00408914760362371
17,166,2,9,-5.51091059616e-17,-0.300000000000,0.300000000000,1.53937010104469e-08,0.0604229307610334,-5.20743780825940e-05,0.00408914824181285
18,183,2,10,0.150000000000,-0.259807621135,0.300000000000,1.53936986083174e-08,0.0604229213120341,-5.20965554487608e-05,0.00408914760359606
19,202,2,11,0.259807621135,-0.150000000000,0.300000000000,1.53937010104469e-08,0.0604229307608609,-5.20744683163789e-05,0.00408914824180002
20,226,3,0,0.450000000000,0.00000000000,0.450000000000,1.53937010640394e-08,0.0604229355410676,-4.68696933403951e-05,0.00408914829906153
21,222,3,1,0.422861679354,0.153909064497,0.450000000000,1.53937010104469e-08,0.0604229353396349,-4.68593019234525e-05,0.00408914828492285
22,214,3,2,0.344719999404,0.289254424359,0.450000000000,1.53937010104469e-08,0.0604229353398625,-4.68591786037751e-05,0.00408914828494074
23,195,3,3,0.225000000000,0.389711431703,0.450000000000,1.53936986083174e-08,0.0604229259025940,-4.68693250636655e-05,0.00408914764678051
24,176,3,4,0.0781416799501,0.443163488855,0.450000000000,1.53937010104469e-08,0.0604229353403348,-4.68589240611585e-05,0.00408914828497801
25,159,3,5,-0.0781416799501,0.443163488855,0.450000000000,1.53937010104470e-08,0.0604229353405303,-4.68588148231054e-05,0.00408914828499302
26,140,3,6,-0.225000000000,0.389711431703,0.450000000000,1.53936986083174e-08,0.0604229259031580,-4.68690093578380e-05,0.00408914764682377
27,121,3,7,-0.344719999404,0.289254424359,0.450000000000,1.53937010104470e-08,0.0604229353407286,-4.68586931032039e-05,0.00408914828500711
28,113,3,8,-0.422861679354,0.153909064497,0.450000000000,1.53937010104470e-08,0.0604229353407000,-4.68587038164154e-05,0.00408914828500438
29,108,3,9,-0.450000000000,5.51091059616e-17,0.450000000000,1.53937010640394e-08,0.0604229355422054,-4.68690521795787e-05,0.00408914829914839
30,112,3,10,-0.422861679354,-0.153909064497,0.450000000000,1.53937010104469e-08,0.0604229353403931,-4.68588753166384e-05,0.00408914828498080
31,120,3,11,-0.344719999404,-0.289254424359,0.450000000000,1.53937010104469e-08,0.0604229353401500,-4.68590168878982e-05,0.00408914828496272
32,139,3,12,-0.225000000000,-0.389711431703,0.450000000000,1.53936986083174e-08,0.0604229259023770,-4.68694465502372e-05,0.00408914764676386
33,158,3,13,-0.0781416799501,-0.443163488855,0.450000000000,1.53937010104469e-08,0.0604229353396388,-4.68593153092486e-05,0.00408914828492478
34,175,3,14,0.0781416799501,-0.443163488855,0.450000000000,1.53937010104469e-08,0.0604229353394377,-4.68594309614639e-05,0.00408914828490967
35,194,3,15,0.225000000000,-0.389711431703,0.450000000000,1.53936986083174e-08,0.0604229259018002,-4.68697769155755e-05,0.00408914764672039
36,213,3,16,0.344719999404,-0.289254424359,0.450000000000,1.53937010104469e-08,0.0604229353392705,-4.68595177097765e-05,0.00408914828489612
37,221,3,17,0.422861679354,-0.153909064497,0.450000000000,1.53937010104469e-08,0.0604229353393182,-4.68594845592327e-05,0.00408914828489912
38,245,4,0,0.600000000000,0.00000000000,0.600000000000,1.53937010640394e-08,0.0604229415014217,-3.96519212859096e-05,0.00408914840811378
39,243,4,1,0.579555495773,0.155291427062,0.600000000000,1.53937010104469e-08,0.0604229412951254,-3.96466355011991e-05,0.00408914839394577
40,235,4,2,0.519615242271,0.300000000000,0.600000000000,1.53937010104469e-08,0.0604229412986178,-3.96420481050698e-05,0.00408914839400106
41,224,4,3,0.424264068712,0.424264068712,0.600000000000,1.53937010104469e-08,0.0604229412955570,-3.96463982961812e-05,0.00408914839398318
42,206,4,4,0.300000000000,0.519615242271,0.600000000000,1.53936986083173e-08,0.0604229318631281,-3.96514466323939e-05,0.00408914775585354
43,187,4,5,0.155291427062,0.579555495773,0.600000000000,1.53937010104469e-08,0.0604229412960103,-3.96461505141637e-05,0.00408914839402259
44,169,4,6,3.67394039744e-17,0.600000000000,0.600000000000,1.53937010104469e-08,0.0604229412994996,-3.96415624088842e-05,0.00408914839407738
45,148,4,7,-0.155291427062,0.579555495773,0.600000000000,1.53937010104469e-08,0.0604229412963853,-3.96459335764115e-05,0.00408914839405412
46,130,4,8,-0.300000000000,0.519615242271,0.600000000000,1.53936986083174e-08,0.0604229318638529,-3.96510279689798e-05,0.00408914775591454
47,111,4,9,-0.424264068712,0.424264068712,0.600000000000,1.53937010104469e-08,0.0604229412965835,-3.96458050359003e-05,0.00408914839406958
48,100,4,10,-0.519615242271,0.300000000000,0.600000000000,1.53937010104469e-08,0.0604229412998784,-3.96413182741789e-05,0.00408914839410706
49,92,4,11,-0.579555495773,0.155291427062,0.600000000000,1.53937010104470e-08,0.0604229412965353,-3.96458180097426e-05,0.00408914839406420
50,89,4,12,-0.600000000000,7.34788079488e-17,0.600000000000,1.53937010640394e-08,0.0604229415028877,-3.96510677608886e-05,0.00408914840823661
51,91,4,13,-0.579555495773,-0.155291427062,0.600000000000,1.53937010104470e-08,0.0604229412962368,-3.96459907921179e-05,0.00408914839403909
52,99,4,14,-0.519615242271,-0.300000000000,0.600000000000,1.53937010104470e-08,0.0604229412993009,-3.96416522740581e-05,0.00408914839405846
53,110,4,15,-0.424264068712,-0.424264068712,0.600000000000,1.53937010104470e-08,0.0604229412957662,-3.96462763830909e-05,0.00408914839400069
54,128,4,16,-0.300000000000,-0.519615242271,0.600000000000,1.53936986083174e-08,0.0604229318628495,-3.96516065335149e-05,0.00408914775582998
55,147,4,17,-0.155291427062,-0.579555495773,0.600000000000,1.53937010104469e-08,0.0604229412952614,-3.96465841777349e-05,0.00408914839395962
56,165,4,18,-1.10218211923e-16,-0.600000000000,0.600000000000,1.53937010104469e-08,0.0604229412983299,-3.96422429239615e-05,0.00408914839397933
57,186,4,19,0.155291427062,-0.579555495773,0.600000000000,1.53937010104469e-08,0.0604229412948735,-3.96468162715789e-05,0.00408914839392768
58,204,4,20,0.300000000000,-0.519615242271,0.600000000000,1.53936986083174e-08,0.0604229318621019,-3.96520527898565e-05,0.00408914775576832
59,223,4,21,0.424264068712,-0.424264068712,0.600000000000,1.53937010104469e-08,0.0604229412947139,-3.96469006192524e-05,0.00408914839391353
60,234,4,22,0.519615242271,-0.300000000000,0.600000000000,1.53937010104469e-08,0.0604229412980187,-3.96424075160946e-05,0.00408914839395180
61,242,4,23,0.579555495773,-0.155291427062,0.600000000000,1.53937010104469e-08,0.0604229412948134,-3.96468241373506e-05,0.00408914839392025
62,264,5,0,0.750000000000,0.00000000000,0.750000000000,1.53937010640394e-08,0.0604229484878905,-3.04235205623097e-05,0.00408914863170249
63,262,5,1,0.733610700550,0.155933768113,0.750000000000,1.53937010104469e-08,0.0604229482795776,-3.04203536644316e-05,0.00408914861751944
64,256,5,2,0.685159093232,0.305052482307,0.750000000000,1.53937010104469e-08,0.0604229482825389,-3.04156460253102e-05,0.00408914861758803
65,248,5,3,0.606762745781,0.440838939219,0.750000000000,1.53937010104469e-08,0.0604229482827435,-3.04155322439752e-05,0.00408914861760799
66,233,5,4,0.501847954769,0.557358619108,0.750000000000,1.53937010104469e-08,0.0604229482801854,-3.04200121344762e-05,0.00408914861757850
67,216,5,5,0.375000000000,0.649519052838,0.750000000000,1.53936986083174e-08,0.0604229388497466,-3.04229500072268e-05,0.00408914797946567
68,197,5,6,0.231762745781,0.713292387221,0.750000000000,1.53937010104469e-08,0.0604229482806146,-3.04197711503037e-05,0.00408914861762021
69,178,5,7,0.0783963474507,0.745891421526,0.750000000000,1.53937010104469e-08,0.0604229482835871,-3.04150559300498e-05,0.00408914861768981
70,157,5,8,-0.0783963474507,0.745891421526,0.750000000000,1.53937010104469e-08,0.0604229482837678,-3.04149460934494e-05,0.00408914861770681
71,138,5,9,-0.231762745781,0.713292387221,0.750000000000,1.53937010104469e-08,0.0604229482811485,-3.04194477000741e-05,0.00408914861767053
72,119,5,10,-0.375000000000,0.649519052838,0.750000000000,1.53936986083173e-08,0.0604229388506107,-3.04224279422881e-05,0.00408914797954718
73,102,5,11,-0.501847954769,0.557358619108,0.750000000000,1.53937010104469e-08,0.0604229482813428,-3.04193142691803e-05,0.00408914861768776
74,87,5,12,-0.606762745781,0.440838939219,0.750000000000,1.53937010104469e-08,0.0604229482841456,-3.04146860017594e-05,0.00408914861774031
75,79,5,13,-0.685159093232,0.305052482307,0.750000000000,1.53937010104469e-08,0.0604229482841260,-3.04146866981895e-05,0.00408914861773772
76,73,5,14,-0.733610700550,0.155933768113,0.750000000000,1.53937010104469e-08,0.0604229482812826,-3.04193205792333e-05,0.00408914861768007
77,70,5,15,-0.750000000000,4.24915417324e-16,0.750000000000,1.53937010640394e-08,0.0604229484896407,-3.04224563057527e-05,0.00408914863186711
78,72,5,16,-0.733610700550,-0.155933768113,0.750000000000,1.53937010104469e-08,0.0604229482809963,-3.04194951330697e-05,0.00408914861765317
79,78,5,17,-0.685159093232,-0.305052482307,0.750000000000,1.53937010104469e-08,0.0604229482835661,-3.04150262772903e-05,0.00408914861768499
80,86,5,18,-0.606762745781,-0.440838939219,0.750000000000,1.53937010104469e-08,0.0604229482833367,-3.04151737790806e-05,0.00408914861766394
81,101,5,19,-0.501847954769,-0.557358619108,0.750000000000,1.53937010104470e-08,0.0604229482803191,-3.04199294879274e-05,0.00408914861759098
82,118,5,20,-0.375000000000,-0.649519052838,0.750000000000,1.53936986083173e-08,0.0604229388494148,-3.04231471507986e-05,0.00408914797943415
83,137,5,21,-0.231762745781,-0.713292387221,0.750000000000,1.53937010104469e-08,0.0604229482798305,-3.04202428394585e-05,0.00408914861754611
84,156,5,22,-0.0783963474507,-0.745891421526,0.750000000000,1.53937010104469e-08,0.0604229482823828,-3.04157855353309e-05,0.00408914861757636
85,177,5,23,0.0783963474507,-0.745891421526,0.750000000000,1.53937010104469e-08,0.0604229482821947,-3.04159043121883e-05,0.00408914861755894
86,196,5,24,0.231762745781,-0.713292387221,0.750000000000,1.53937010104469e-08,0.0604229482792744,-3.04205936819307e-05,0.00408914861749467
87,215,5,25,0.375000000000,-0.649519052838,0.750000000000,1.53936986083174e-08,0.0604229388485178,-3.04237108708015e-05,0.00408914797935102
88,232,5,26,0.501847954769,-0.557358619108,0.750000000000,1.53937010104469e-08,0.0604229482791237,-3.04206764533296e-05,0.00408914861747989
89,247,5,27,0.606762745781,-0.440838939219,0.750000000000,1.53937010104469e-08,0.0604229482818986,-3.04160659398993e-05,0.00408914861752985
90,255,5,28,0.685159093232,-0.305052482307,0.750000000000,1.53937010104469e-08,0.0604229482819513,-3.04160203155272e-05,0.00408914861753388
91,261,5,29,0.733610700550,-0.155933768113,0.750000000000,1.53937010104469e-08,0.0604229482792760,-3.04205468841362e-05,0.00408914861749174
92,282,6,0,0.900000000000,0.00000000000,0.900000000000,1.53937010640394e-08,0.0604229560440885,-1.91756183496940e-05,0.00408914903236581
93,281,6,1,0.886326977711,0.156283359900,0.900000000000,1.53937011548725e-08,0.0604229564016862,-1.91734784202440e-05,0.00408914905654064
94,273,6,2,0.845723358707,0.307818128993,0.900000000000,1.53937010104469e-08,0.0604229558366773,-1.91694605499851e-05,0.00408914901824813
95,269,6,3,0.779422863406,0.450000000000,0.900000000000,1.53937010104469e-08,0.0604229558376813,-1.91674642506850e-05,0.00408914901829355
96,258,6,4,0.689439998807,0.578508848718,0.900000000000,1.53937010104469e-08,0.0604229558370561,-1.91692451727200e-05,0.00408914901829022
97,241,6,5,0.578508848718,0.689439998807,0.900000000000,1.53937010104469e-08,0.0604229558355421,-1.91730438177933e-05,0.00408914901825887
98,227,6,6,0.450000000000,0.779422863406,0.900000000000,1.53936986083174e-08,0.0604229464060605,-1.91749613902492e-05,0.00408914838015523
99,208,6,7,0.307818128993,0.845723358707,0.900000000000,1.53937010104469e-08,0.0604229558359424,-1.91728104427670e-05,0.00408914901830308
100,189,6,8,0.156283359900,0.886326977711,0.900000000000,1.53937010104469e-08,0.0604229558378478,-1.91687812500820e-05,0.00408914901837753
101,170,6,9,5.51091059616e-17,0.900000000000,0.900000000000,1.53937010104469e-08,0.0604229558388456,-1.91667772572125e-05,0.00408914901842179
102,146,6,10,-0.156283359900,0.886326977711,0.900000000000,1.53937010104469e-08,0.0604229558381871,-1.91685623659975e-05,0.00408914901841412
103,127,6,11,-0.307818128993,0.845723358707,0.900000000000,1.53937010104469e-08,0.0604229558366108,-1.91723803691660e-05,0.00408914901837518
104,109,6,12,-0.450000000000,0.779422863406,0.900000000000,1.53936986083174e-08,0.0604229464070374,-1.91743357807270e-05,0.00408914838026074
105,94,6,13,-0.578508848718,0.689439998807,0.900000000000,1.53937010104469e-08,0.0604229558367983,-1.91722424282101e-05,0.00408914901839467
106,77,6,14,-0.689439998807,0.578508848718,0.900000000000,1.53937010104469e-08,0.0604229558385550,-1.91682897088782e-05,0.00408914901845229
107,66,6,15,-0.779422863406,0.450000000000,0.900000000000,1.53937010104469e-08,0.0604229558393790,-1.91663804683526e-05,0.00408914901847707
108,62,6,16,-0.845723358707,0.307818128993,0.900000000000,1.53937010104469e-08,0.0604229558385240,-1.91682801447444e-05,0.00408914901844770
109,54,6,17,-0.886326977711,0.156283359900,0.900000000000,1.53937011548725e-08,0.0604229564036284,-1.91722335158394e-05,0.00408914905675034
110,52,6,18,-0.900000000000,1.10218211923e-16,0.900000000000,1.53937010640395e-08,0.0604229560460684,-1.91743450406576e-05,0.00408914903257941
111,53,6,19,-0.886326977711,-0.156283359900,0.900000000000,1.53937011548725e-08,0.0604229564033575,-1.91724105091682e-05,0.00408914905672123
112,61,6,20,-0.845723358707,-0.307818128993,0.900000000000,1.53937010104469e-08,0.0604229558379915,-1.91686246725069e-05,0.00408914901839032
113,65,6,21,-0.779422863406,-0.450000000000,0.900000000000,1.53937010104470e-08,0.0604229558386012,-1.91668797684388e-05,0.00408914901839309
114,76,6,22,-0.689439998807,-0.578508848718,0.900000000000,1.53937010104469e-08,0.0604229558375556,-1.91689259083307e-05,0.00408914901834418
115,93,6,23,-0.578508848718,-0.689439998807,0.900000000000,1.53937010104469e-08,0.0604229558356067,-1.91729976275576e-05,0.00408914901826563
116,107,6,24,-0.450000000000,-0.779422863406,0.900000000000,1.53936986083174e-08,0.0604229464056871,-1.91751924494522e-05,0.00408914838011458
117,126,6,25,-0.307818128993,-0.845723358707,0.900000000000,1.53937010104469e-08,0.0604229558351409,-1.91733160757549e-05,0.00408914901821618
118,145,6,26,-0.156283359900,-0.886326977711,0.900000000000,1.53937010104469e-08,0.0604229558366400,-1.91695513458215e-05,0.00408914901824695
119,164,6,27,-1.65327317885e-16,-0.900000000000,0.900000000000,1.53937010104469e-08,0.0604229558372667,-1.91677920406208e-05,0.00408914901825141
120,188,6,28,0.156283359900,-0.886326977711,0.900000000000,1.53937010104469e-08,0.0604229558362839,-1.91697924256260e-05,0.00408914901820902
121,207,6,29,0.307818128993,-0.845723358707,0.900000000000,1.53937010104469e-08,0.0604229558344407,-1.91737880692063e-05,0.00408914901814155
122,225,6,30,0.450000000000,-0.779422863406,0.900000000000,1.53936986083174e-08,0.0604229464046666,-1.91758779361231e-05,0.00408914838000571
123,240,6,31,0.578508848718,-0.689439998807,0.900000000000,1.53937010104469e-08,0.0604229558342999,-1.91738708892098e-05,0.00408914901812605
124,257,6,32,0.689439998807,-0.578508848718,0.900000000000,1.53937010104469e-08,0.0604229558360066,-1.91699526286269e-05,0.00408914901817834
125,268,6,33,0.779422863406,-0.450000000000,0.900000000000,1.53937010104469e-08,0.0604229558368598,-1.91680236313214e-05,0.00408914901820622
126,272,6,34,0.845723358707,-0.307818128993,0.900000000000,1.53937010104469e-08,0.0604229558361124,-1.91698487262337e-05,0.00408914901818824
127,280,6,35,0.886326977711,-0.156283359900,0.900000000000,1.53937011548725e-08,0.0604229564013987,-1.91736766723509e-05,0.00408914905651017
128,299,7,0,1.05000000000,0.00000000000,1.05000000000,1.53937010640394e-08,0.0604229636074182,-5.90365281553660e-06,0.00408914968654475
129,296,7,1,1.03827236754,0.156494379485,1.05000000000,1.53937013678841e-08,0.0604229648005592,-5.90208924874018e-06,0.00408914976729987
130,290,7,2,1.00335144608,0.309492933131,1.05000000000,1.53937010104469e-08,0.0604229633984746,-5.89878364631491e-06,0.00408914967242279
131,286,7,3,0.946017311298,0.455577926073,1.05000000000,1.53937010104469e-08,0.0604229633992246,-5.89618440159367e-06,0.00408914967248336
132,277,7,4,0.867550713032,0.591486060967,1.05000000000,1.53937010104469e-08,0.0604229633993986,-5.89608256853263e-06,0.00408914967250559
133,267,7,5,0.769704465421,0.714181374659,1.05000000000,1.53937010104469e-08,0.0604229633989945,-5.89847718380776e-06,0.00408914967248915
134,252,7,6,0.654664291952,0.820923056591,1.05000000000,1.53937009133346e-08,0.0604229630172323,-5.90157332515807e-06,0.00408914964666388
135,237,7,7,0.525000000000,0.909326673974,1.05000000000,1.53936986083174e-08,0.0604229539694678,-5.90292160242570e-06,0.00408914903436317
136,218,7,8,0.383608075585,0.977417436076,1.05000000000,1.53937009088672e-08,0.0604229630000653,-5.90134731400088e-06,0.00408914964552406
137,199,7,9,0.233646980654,1.02367430779,1.05000000000,1.53937010104469e-08,0.0604229633997251,-5.89802672116768e-06,0.00408914967258217
138,180,7,10,0.0784665982657,1.04706398704,1.05000000000,1.53937010104469e-08,0.0604229634004798,-5.89541014736846e-06,0.00408914967264317
139,155,7,11,-0.0784665982657,1.04706398704,1.05000000000,1.53937010104469e-08,0.0604229634006381,-5.89529922111431e-06,0.00408914967266318
140,136,7,12,-0.233646980654,1.02367430779,1.05000000000,1.53937010104469e-08,0.0604229634001966,-5.89769673281686e-06,0.00408914967264172
141,117,7,13,-0.383608075585,0.977417436076,1.05000000000,1.53937009088672e-08,0.0604229630008387,-5.90081039164642e-06,0.00408914964562178
142,98,7,14,-0.525000000000,0.909326673974,1.05000000000,1.53936986083174e-08,0.0604229539705256,-5.90219239080627e-06,0.00408914903449689
143,83,7,15,-0.654664291952,0.820923056591,1.05000000000,1.53937009133346e-08,0.0604229630185511,-5.90066963789073e-06,0.00408914964683063
144,68,7,16,-0.769704465421,0.714181374659,1.05000000000,1.53937010104470e-08,0.0604229634005460,-5.89741670444587e-06,0.00408914967268539
145,58,7,17,-0.867550713032,0.591486060967,1.05000000000,1.53937010104469e-08,0.0604229634011498,-5.89488417476135e-06,0.00408914967272707
146,49,7,18,-0.946017311298,0.455577926073,1.05000000000,1.53937010104469e-08,0.0604229634011383,-5.89487245721477e-06,0.00408914967272538
147,45,7,19,-1.00335144608,0.309492933131,1.05000000000,1.53937010104470e-08,0.0604229634005098,-5.89738545069477e-06,0.00408914967268010
148,39,7,20,-1.03827236754,0.156494379485,1.05000000000,1.53937013678841e-08,0.0604229648026718,-5.90063454088631e-06,0.00408914976756692
149,35,7,21,-1.05000000000,1.28587913910e-16,1.05000000000,1.53937010640394e-08,0.0604229636095625,-5.90217300702688e-06,0.00408914968681578
150,38,7,22,-1.03827236754,-0.156494379485,1.05000000000,1.53937013678841e-08,0.0604229648024191,-5.90081670203827e-06,0.00408914976753508
151,44,7,23,-1.00335144608,-0.309492933131,1.05000000000,1.53937010104470e-08,0.0604229634000113,-5.89773894086827e-06,0.00408914967261720
152,48,7,24,-0.946017311298,-0.455577926073,1.05000000000,1.53937010104470e-08,0.0604229634004063,-5.89538345971918e-06,0.00408914967263291
153,57,7,25,-0.867550713032,-0.591486060967,1.05000000000,1.53937010104469e-08,0.0604229634002015,-5.89553673511248e-06,0.00408914967260717
154,67,7,26,-0.769704465421,-0.714181374659,1.05000000000,1.53937010104469e-08,0.0604229633994020,-5.89819547103528e-06,0.00408914967254065
155,82,7,27,-0.654664291952,-0.820923056591,1.05000000000,1.53937009133346e-08,0.0604229630172354,-5.90156151839437e-06,0.00408914964666416
156,97,7,28,-0.525000000000,-0.909326673974,1.05000000000,1.53936986083174e-08,0.0604229539690656,-5.90318348636657e-06,0.00408914903431214
157,116,7,29,-0.383608075585,-0.977417436076,1.05000000000,1.53937009088672e-08,0.0604229629992644,-5.90188301325126e-06,0.00408914964542263
158,135,7,30,-0.233646980654,-1.02367430779,1.05000000000,1.53937010104469e-08,0.0604229633985412,-5.89883096046210e-06,0.00408914967243237
159,154,7,31,-0.0784665982657,-1.04706398704,1.05000000000,1.53937010104469e-08,0.0604229633989373,-5.89647067953641e-06,0.00408914967244815
160,179,7,32,0.0784665982657,-1.04706398704,1.05000000000,1.53937010104469e-08,0.0604229633987701,-5.89659381142602e-06,0.00408914967242712
161,198,7,33,0.233646980654,-1.02367430779,1.05000000000,1.53937010104469e-08,0.0604229633980442,-5.89919603443010e-06,0.00408914967236983
162,217,7,34,0.383608075585,-0.977417436076,1.05000000000,1.53937009088672e-08,0.0604229629984500,-5.90247961403419e-06,0.00408914964532013
163,236,7,35,0.525000000000,-0.909326673974,1.05000000000,1.53936986083174e-08,0.0604229539679544,-5.90399404109582e-06,0.00408914903417224
164,251,7,36,0.654664291952,-0.820923056591,1.05000000000,1.53937009133346e-08,0.0604229630158556,-5.90256353229122e-06,0.00408914964649036
165,266,7,37,0.769704465421,-0.714181374659,1.05000000000,1.53937010104469e-08,0.0604229633977877,-5.89935825181088e-06,0.00408914967233721
166,276,7,38,0.867550713032,-0.591486060967,1.05000000000,1.53937010104469e-08,0.0604229633983922,-5.89682641590814e-06,0.00408914967237899
167,285,7,39,0.946017311298,-0.455577926073,1.05000000000,1.53937010104469e-08,0.0604229633984450,-5.89676636992537e-06,0.00408914967238537
168,289,7,40,1.00335144608,-0.309492933131,1.05000000000,1.53937010104469e-08,0.0604229633979428,-5.89918356227942e-06,0.00408914967235597
169,295,7,41,1.03827236754,-0.156494379485,1.05000000000,1.53937013678841e-08,0.0604229648002897,-5.90229227683502e-06,0.00408914976726600
170,310,8,0,1.20000000000,0.00000000000,1.20000000000,1.53937010640395e-08,0.0604229705111594,9.39503062157725e-06,0.00408915068457987
171,309,8,1,1.18973383365,0.156631430664,1.20000000000,1.53937014489276e-08,0.0604229720220447,9.39623534689486e-06,0.00408915078686073
172,307,8,2,1.15911099155,0.310582854123,1.20000000000,1.53937010104469e-08,0.0604229703010673,9.39895273729940e-06,0.00408915067045176
173,301,8,3,1.10865543901,0.459220118838,1.20000000000,1.53937010104469e-08,0.0604229703012014,9.40161128505954e-06,0.00408915067051890
174,298,8,4,1.03923048454,0.600000000000,1.20000000000,1.53937010104469e-08,0.0604229703013472,9.40275245864532e-06,0.00408915067055992
175,288,8,5,0.952024008349,0.730513714810,1.20000000000,1.53937010104469e-08,0.0604229703015144,9.40180223274337e-06,0.00408915067056530
176,275,8,6,0.848528137424,0.848528137424,1.20000000000,1.53937010104469e-08,0.0604229703016906,9.39933689232078e-06,0.00408915067054426
177,260,8,7,0.730513714810,0.952024008349,1.20000000000,1.53937006504771e-08,0.0604229688889152,9.39681905978862e-06,0.00408915057490000
178,246,8,8,0.600000000000,1.03923048454,1.20000000000,1.53936986083174e-08,0.0604229608732452,9.39582161783842e-06,0.00408915003242949
179,229,8,9,0.459220118838,1.10865543901,1.20000000000,1.53937006418597e-08,0.0604229688554230,9.39703622509618e-06,0.00408915057266055
180,210,8,10,0.310582854123,1.15911099155,1.20000000000,1.53937010104469e-08,0.0604229703023530,9.39977302101926e-06,0.00408915067064318
181,191,8,11,0.156631430664,1.18973383365,1.20000000000,1.53937010104469e-08,0.0604229703024981,9.40245729916437e-06,0.00408915067071237
182,171,8,12,7.34788079488e-17,1.20000000000,1.20000000000,1.53937010104469e-08,0.0604229703026399,9.40362179259985e-06,0.00408915067075339
183,144,8,13,-0.156631430664,1.18973383365,1.20000000000,1.53937010104469e-08,0.0604229703027869,9.40268389200998e-06,0.00408915067075632
184,125,8,14,-0.310582854123,1.15911099155,1.20000000000,1.53937010104469e-08,0.0604229703029251,9.40021729784891e-06,0.00408915067073009
185,106,8,15,-0.459220118838,1.10865543901,1.20000000000,1.53937006418597e-08,0.0604229688562674,9.39768280473399e-06,0.00408915057278863
186,90,8,16,-0.600000000000,1.03923048454,1.20000000000,1.53936986083173e-08,0.0604229608743468,9.39665520560214e-06,0.00408915003259636
187,75,8,17,-0.730513714810,0.952024008349,1.20000000000,1.53937006504772e-08,0.0604229688902557,9.39782355716379e-06,0.00408915057510282
188,60,8,18,-0.848528137424,0.848528137424,1.20000000000,1.53937010104469e-08,0.0604229703032478,9.40049909942062e-06,0.00408915067077977
189,47,8,19,-0.952024008349,0.730513714810,1.20000000000,1.53937010104469e-08,0.0604229703032632,9.40310746715997e-06,0.00408915067082982
190,37,8,20,-1.03923048454,0.600000000000,1.20000000000,1.53937010104469e-08,0.0604229703032596,9.40418397377769e-06,0.00408915067084926
191,34,8,21,-1.10865543901,0.459220118838,1.20000000000,1.53937010104470e-08,0.0604229703032463,9.40314707445863e-06,0.00408915067082841
192,28,8,22,-1.15911099155,0.310582854123,1.20000000000,1.53937010104469e-08,0.0604229703032110,9.40056735360023e-06,0.00408915067077630
193,26,8,23,-1.18973383365,0.156631430664,1.20000000000,1.53937014489276e-08,0.0604229720242513,9.39789891279934e-06,0.00408915078719481
194,24,8,24,-1.20000000000,1.46957615898e-16,1.20000000000,1.53937010640394e-08,0.0604229705133925,9.39671390860948e-06,0.00408915068491795
195,25,8,25,-1.18973383365,-0.156631430664,1.20000000000,1.53937014489276e-08,0.0604229720240198,9.39770812931927e-06,0.00408915078715939
196,27,8,26,-1.15911099155,-0.310582854123,1.20000000000,1.53937010104470e-08,0.0604229703027532,9.40019872770451e-06,0.00408915067070645
197,33,8,27,-1.10865543901,-0.459220118838,1.20000000000,1.53937010104470e-08,0.0604229703025718,9.40261973460697e-06,0.00408915067072583
198,36,8,28,-1.03923048454,-0.600000000000,1.20000000000,1.53937010104469e-08,0.0604229703023816,9.40351358747012e-06,0.00408915067071612
199,46,8,29,-0.952024008349,-0.730513714810,1.20000000000,1.53937010104469e-08,0.0604229703021970,9.40230947181848e-06,0.00408915067066850
200,59,8,30,-0.848528137424,-0.848528137424,1.20000000000,1.53937010104469e-08,0.0604229703020108,9.39958418399665e-06,0.00408915067059287
201,74,8,31,-0.730513714810,-0.952024008349,1.20000000000,1.53937006504772e-08,0.0604229688888670,9.39680047265590e-06,0.00408915057489310
202,88,8,32,-0.600000000000,-1.03923048454,1.20000000000,1.53936986083173e-08,0.0604229608728282,9.39553288949192e-06,0.00408915003236693
203,105,8,33,-0.459220118838,-1.10865543901,1.20000000000,1.53937006418596e-08,0.0604229688546423,9.39647583016379e-06,0.00408915057254298
204,124,8,34,-0.310582854123,-1.15911099155,1.20000000000,1.53937010104469e-08,0.0604229703012197,9.39894160714830e-06,0.00408915067047209
205,143,8,35,-0.156631430664,-1.18973383365,1.20000000000,1.53937010104469e-08,0.0604229703010290,9.40136101638791e-06,0.00408915067049019
206,163,8,36,-2.20436423847e-16,-1.20000000000,1.20000000000,1.53937010104469e-08,0.0604229703008590,9.40227490348846e-06,0.00408915067048363
207,190,8,37,0.156631430664,-1.18973383365,1.20000000000,1.53937010104469e-08,0.0604229703007237,9.40111126304034e-06,0.00408915067044353
208,209,8,38,0.310582854123,-1.15911099155,1.20000000000,1.53937010104469e-08,0.0604229703006149,9.39844996528921e-06,0.00408915067037975
209,228,8,39,0.459220118838,-1.10865543901,1.20000000000,1.53937006418597e-08,0.0604229688537502,9.39575305414777e-06,0.00408915057240682
210,244,8,40,0.600000000000,-1.03923048454,1.20000000000,1.53936986083174e-08,0.0604229608716659,9.39459433705546e-06,0.00408915003218959
211,259,8,41,0.730513714810,-0.952024008349,1.20000000000,1.53937006504772e-08,0.0604229688874572,9.39566525272622e-06,0.00408915057467807
212,274,8,42,0.848528137424,-0.848528137424,1.20000000000,1.53937010104469e-08,0.0604229703003808,9.39828141715416e-06,0.00408915067034446
213,287,8,43,0.952024008349,-0.730513714810,1.20000000000,1.53937010104469e-08,0.0604229703003784,9.40087188479090e-06,0.00408915067039169
214,297,8,44,1.03923048454,-0.600000000000,1.20000000000,1.53937010104469e-08,0.0604229703004080,9.40197438185407e-06,0.00408915067041619
215,300,8,45,1.10865543901,-0.459220118838,1.20000000000,1.53937010104469e-08,0.0604229703004791,9.40100733020466e-06,0.00408915067040824
216,306,8,46,1.15911099155,-0.310582854123,1.20000000000,1.53937010104469e-08,0.0604229703005772,9.39854126312697e-06,0.00408915067037664
217,308,8,47,1.18973383365,-0.156631430664,1.20000000000,1.53937014489276e-08,0.0604229720217968,9.39602783192373e-06,0.00408915078682275
218,323,9,0,1.35000000000,0.00000000000,1.35000000000,1.53937010640394e-08,0.0604229759852579,2.67221241001206e-05,0.00408915213071122
219,322,9,1,1.34087178295,0.156725434069,1.35000000000,1.53937014530065e-08,0.0604229775118925,2.67230881842742e-05,0.00408915223407326
220,320,9,2,1.31361057528,0.311331425502,1.35000000000,1.53937010104469e-08,0.0604229757742729,2.67253417036598e-05,0.00408915211657414
221,316,9,3,1.26858503806,0.461727193490,1.35000000000,1.53937010104469e-08,0.0604229757737002,2.67278490354486e-05,0.00408915211663997
222,312,9,4,1.20640406444,0.605878893271,1.35000000000,1.53937010104469e-08,0.0604229757733774,2.67294930604956e-05,0.00408915211669057
223,305,9,5,1.12790854541,0.741837120396,1.35000000000,1.53937010104469e-08,0.0604229757735156,2.67295818543018e-05,0.00408915211671459
224,294,9,6,1.03415999821,0.867763273077,1.35000000000,1.53937010104469e-08,0.0604229757741143,2.67281155463542e-05,0.00408915211671201
225,284,9,7,0.926426211123,0.981954416124,1.35000000000,1.53937010104469e-08,0.0604229757749601,2.67257902921406e-05,0.00408915211669404
226,271,9,8,0.806164098799,1.08286631022,1.35000000000,1.53937003376123e-08,0.0604229731347304,2.67237235534914e-05,0.00408915193794967
227,254,9,9,0.675000000000,1.16913429511,1.35000000000,1.53936986083173e-08,0.0604229663473361,2.67229573286169e-05,0.00408915147859313
228,239,9,10,0.534707684153,1.23959174429,1.35000000000,1.53937003299121e-08,0.0604229731048005,2.67239304922099e-05,0.00408915193595653
229,220,9,11,0.387184364160,1.29328584163,1.35000000000,1.53937010104469e-08,0.0604229757755479,2.67262088202640e-05,0.00408915211679872
230,201,9,12,0.234425039850,1.32949046657,1.35000000000,1.53937010104469e-08,0.0604229757749895,2.67287513703791e-05,0.00408915211686867
231,182,9,13,0.0784955190291,1.34771601367,1.35000000000,1.53937010104470e-08,0.0604229757746704,2.67304340678919e-05,0.00408915211692208
232,153,9,14,-0.0784955190291,1.34771601367,1.35000000000,1.53937010104469e-08,0.0604229757747996,2.67305525827511e-05,0.00408915211694670
233,134,9,15,-0.234425039850,1.32949046657,1.35000000000,1.53937010104469e-08,0.0604229757753751,2.67291003734624e-05,0.00408915211694187
234,115,9,16,-0.387184364160,1.29328584163,1.35000000000,1.53937010104469e-08,0.0604229757761837,2.67267718896860e-05,0.00408915211691865
235,96,9,17,-0.534707684153,1.23959174429,1.35000000000,1.53937003299121e-08,0.0604229731056767,2.67246886263833e-05,0.00408915193612073
236,81,9,18,-0.675000000000,1.16913429511,1.35000000000,1.53936986083173e-08,0.0604229663484396,2.67238958543147e-05,0.00408915147879892
237,64,9,19,-0.806164098799,1.08286631022,1.35000000000,1.53937003376123e-08,0.0604229731360473,2.67248272131489e-05,0.00408915193819425
238,51,9,20,-0.926426211123,0.981954416124,1.35000000000,1.53937010104469e-08,0.0604229757764726,2.67270499943595e-05,0.00408915211697446
239,41,9,21,-1.03415999821,0.867763273077,1.35000000000,1.53937010104469e-08,0.0604229757758038,2.67295213795710e-05,0.00408915211702518
240,30,9,22,-1.12790854541,0.741837120396,1.35000000000,1.53937010104469e-08,0.0604229757753607,2.67311229979414e-05,0.00408915211705697
241,23,9,23,-1.20640406444,0.605878893271,1.35000000000,1.53937010104469e-08,0.0604229757753551,2.67311536555091e-05,0.00408915211705807
242,19,9,24,-1.26858503806,0.461727193490,1.35000000000,1.53937010104469e-08,0.0604229757757846,2.67296082016865e-05,0.00408915211702789
243,15,9,25,-1.31361057528,0.311331425502,1.35000000000,1.53937010104470e-08,0.0604229757764369,2.67271728695094e-05,0.00408915211697712
244,13,9,26,-1.34087178295,0.156725434069,1.35000000000,1.53937014530065e-08,0.0604229775141072,2.67249582408834e-05,0.00408915223448541
245,11,9,27,-1.35000000000,1.65327317885e-16,1.35000000000,1.53937010640394e-08,0.0604229759874939,2.67240062389463e-05,0.00408915213112697
246,12,9,28,-1.34087178295,-0.156725434069,1.35000000000,1.53937014530064e-08,0.0604229775138997,2.67247547502503e-05,0.00408915223444506
247,14,9,29,-1.31361057528,-0.311331425502,1.35000000000,1.53937010104470e-08,0.0604229757760263,2.67267821735659e-05,0.00408915211689801
248,18,9,30,-1.26858503806,-0.461727193490,1.35000000000,1.53937010104469e-08,0.0604229757751784,2.67290552662143e-05,0.00408915211691252
249,22,9,31,-1.20640406444,-0.605878893271,1.35000000000,1.53937010104469e-08,0.0604229757745635,2.67304579103360e-05,0.00408915211690907
250,29,9,32,-1.12790854541,-0.741837120396,1.35000000000,1.53937010104469e-08,0.0604229757743955,2.67303021536718e-05,0.00408915211687697
251,40,9,33,-1.03415999821,-0.867763273077,1.35000000000,1.53937010104469e-08,0.0604229757746778,2.67285868858418e-05,0.00408915211681662
252,50,9,34,-0.926426211123,-0.981954416124,1.35000000000,1.53937010104469e-08,0.0604229757751996,2.67260068329120e-05,0.00408915211673950
253,63,9,35,-0.806164098799,-1.08286631022,1.35000000000,1.53937003376124e-08,0.0604229731346423,2.67236787680229e-05,0.00408915193793508
254,80,9,36,-0.675000000000,-1.16913429511,1.35000000000,1.53936986083173e-08,0.0604229663469202,2.67226462758179e-05,0.00408915147851817
255,95,9,37,-0.534707684153,-1.23959174429,1.35000000000,1.53937003299121e-08,0.0604229731040606,2.67233507071846e-05,0.00408915193582158
256,114,9,38,-0.387184364160,-1.29328584163,1.35000000000,1.53937010104469e-08,0.0604229757744919,2.67253576173275e-05,0.00408915211660466
257,133,9,39,-0.234425039850,-1.32949046657,1.35000000000,1.53937010104469e-08,0.0604229757736292,2.67276285734686e-05,0.00408915211661706
258,152,9,40,-0.0784955190291,-1.34771601367,1.35000000000,1.53937010104470e-08,0.0604229757730223,2.67290456117881e-05,0.00408915211661555
259,181,9,41,0.0784955190291,-1.34771601367,1.35000000000,1.53937010104469e-08,0.0604229757728855,2.67289173778890e-05,0.00408915211658931
260,200,9,42,0.234425039850,-1.32949046657,1.35000000000,1.53937010104469e-08,0.0604229757732212,2.67272488747802e-05,0.00408915211653898
261,219,9,43,0.387184364160,-1.29328584163,1.35000000000,1.53937010104469e-08,0.0604229757738189,2.67247381500676e-05,0.00408915211647632
262,238,9,44,0.534707684153,-1.23959174429,1.35000000000,1.53937003299121e-08,0.0604229731031339,2.67225009028050e-05,0.00408915193564505
263,253,9,45,0.675000000000,-1.16913429511,1.35000000000,1.53936986083173e-08,0.0604229663457528,2.67215777372003e-05,0.00408915147829590
264,270,9,46,0.806164098799,-1.08286631022,1.35000000000,1.53937003376124e-08,0.0604229731332531,2.67224052140720e-05,0.00408915193767044
265,283,9,47,0.926426211123,-0.981954416124,1.35000000000,1.53937010104469e-08,0.0604229757736092,2.67245576076649e-05,0.00408915211643706
266,293,9,48,1.03415999821,-0.867763273077,1.35000000000,1.53937010104469e-08,0.0604229757729118,2.67269962107202e-05,0.00408915211648191
267,304,9,49,1.12790854541,-0.741837120396,1.35000000000,1.53937010104469e-08,0.0604229757724806,2.67286042644852e-05,0.00408915211651567
268,311,9,50,1.20640406444,-0.605878893271,1.35000000000,1.53937010104469e-08,0.0604229757725277,2.67286811038487e-05,0.00408915211652668
269,315,9,51,1.26858503806,-0.461727193490,1.35000000000,1.53937010104469e-08,0.0604229757730498,2.67272243475928e-05,0.00408915211651436
270,319,9,52,1.31361057528,-0.311331425502,1.35000000000,1.53937010104469e-08,0.0604229757738333,2.67249204870025e-05,0.00408915211648929
271,321,9,53,1.34087178295,-0.156725434069,1.35000000000,1.53937014530065e-08,0.0604229775116708,2.67228772688328e-05,0.00408915223403056
272,332,10,0,1.50000000000,0.00000000000,1.50000000000,1.53937010372432e-08,0.0604229790502329,4.60800323181119e-05,0.00408915413594214
273,331,10,1,1.49178284305,0.156792694901,1.50000000000,1.53937012275374e-08,0.0604229797970760,4.60805843805210e-05,0.00408915418652953
274,329,10,2,1.46722140110,0.311867536227,1.50000000000,1.53937010104469e-08,0.0604229789445590,4.60818456038665e-05,0.00408915412892261
275,327,10,3,1.42658477444,0.463525491562,1.50000000000,1.53937010104469e-08,0.0604229789440538,4.60833558745508e-05,0.00408915412899114
276,325,10,4,1.37031818646,0.610104964614,1.50000000000,1.53937010104469e-08,0.0604229789436771,4.60845714078780e-05,0.00408915412905058
277,318,10,5,1.29903810568,0.750000000000,1.50000000000,1.53937010104469e-08,0.0604229789436084,4.60850810024678e-05,0.00408915412908823
278,314,10,6,1.21352549156,0.881677878439,1.50000000000,1.53937010104469e-08,0.0604229789439151,4.60847354118488e-05,0.00408915412909974
279,303,10,7,1.11471723822,1.00369590954,1.50000000000,1.53937010104469e-08,0.0604229789445292,4.60836875308132e-05,0.00408915412908975
280,292,10,8,1.00369590954,1.11471723822,1.50000000000,1.53937010104469e-08,0.0604229789452683,4.60823465728176e-05,0.00408915412907037
281,279,10,9,0.881677878439,1.21352549156,1.50000000000,1.53937006004697e-08,0.0604229773366657,4.60812552766685e-05,0.00408915402015316
282,265,10,10,0.750000000000,1.29903810568,1.50000000000,1.53936998093821e-08,0.0604229742318294,4.60808896805275e-05,0.00408915381002220
283,250,10,11,0.610104964614,1.37031818646,1.50000000000,1.53937005969196e-08,0.0604229773229857,4.60814477560589e-05,0.00408915401926451
284,231,10,12,0.463525491562,1.42658477444,1.50000000000,1.53937010104469e-08,0.0604229789457770,4.60827400281134e-05,0.00408915412917985
285,212,10,13,0.311867536227,1.46722140110,1.50000000000,1.53937010104469e-08,0.0604229789452873,4.60842966294948e-05,0.00408915412925532
286,193,10,14,0.156792694901,1.49178284305,1.50000000000,1.53937010104469e-08,0.0604229789449177,4.60855670182448e-05,0.00408915412932144
287,172,10,15,4.24915417324e-16,1.50000000000,1.50000000000,1.53937010104469e-08,0.0604229789448469,4.60861276464159e-05,0.00408915412936412
288,142,10,16,-0.156792694901,1.49178284305,1.50000000000,1.53937010104469e-08,0.0604229789451405,4.60858163477398e-05,0.00408915412937745
289,123,10,17,-0.311867536227,1.46722140110,1.50000000000,1.53937010104469e-08,0.0604229789457302,4.60847783048008e-05,0.00408915412936516
290,104,10,18,-0.463525491562,1.42658477444,1.50000000000,1.53937010104469e-08,0.0604229789464338,4.60834281487142e-05,0.00408915412934001
291,85,10,19,-0.610104964614,1.37031818646,1.50000000000,1.53937005969196e-08,0.0604229773238487,4.60823203603255e-05,0.00408915401947162
292,71,10,20,-0.750000000000,1.29903810568,1.50000000000,1.53936998093821e-08,0.0604229742328875,4.60819338300859e-05,0.00408915381027348
293,56,10,21,-0.881677878439,1.21352549156,1.50000000000,1.53937006004698e-08,0.0604229773379087,4.60824567382028e-05,0.00408915402044572
294,43,10,22,-1.00369590954,1.11471723822,1.50000000000,1.53937010104469e-08,0.0604229789466824,4.60836972722473e-05,0.00408915412940148
295,32,10,23,-1.11471723822,1.00369590954,1.50000000000,1.53937010104469e-08,0.0604229789460998,4.60851854981378e-05,0.00408915412945730
296,21,10,24,-1.21352549156,0.881677878439,1.50000000000,1.53937010104470e-08,0.0604229789456272,4.60863747312164e-05,0.00408915412950107
297,17,10,25,-1.29903810568,0.750000000000,1.50000000000,1.53937010104469e-08,0.0604229789454445,4.60868507486618e-05,0.00408915412951984
298,10,10,26,-1.37031818646,0.610104964614,1.50000000000,1.53937010104469e-08,0.0604229789456178,4.60864581484851e-05,0.00408915412950849
299,8,10,27,-1.42658477444,0.463525491562,1.50000000000,1.53937010104469e-08,0.0604229789460786,4.60853422272953e-05,0.00408915412947076
300,6,10,28,-1.46722140110,0.311867536227,1.50000000000,1.53937010104469e-08,0.0604229789466461,4.60838980940111e-05,0.00408915412941752
301,4,10,29,-1.49178284305,0.156792694901,1.50000000000,1.53937012275374e-08,0.0604229797992027,4.60826610735017e-05,0.00408915418703227
302,2,10,30,-1.50000000000,8.49830834647e-16,1.50000000000,1.53937010372432e-08,0.0604229790523761,4.60821056697011e-05,0.00408915413644671
303,3,10,31,-1.49178284305,-0.156792694901,1.50000000000,1.53937012275374e-08,0.0604229797990228,4.60824362813472e-05,0.00408915418698458
304,5,10,32,-1.46722140110,-0.311867536227,1.50000000000,1.53937010104469e-08,0.0604229789462895,4.60834729581507e-05,0.00408915412932515
305,7,10,33,-1.42658477444,-0.463525491562,1.50000000000,1.53937010104469e-08,0.0604229789455514,4.60847513554709e-05,0.00408915412933819
306,9,10,34,-1.37031818646,-0.610104964614,1.50000000000,1.53937010104469e-08,0.0604229789449276,4.60857276199751e-05,0.00408915412933942
307,16,10,35,-1.29903810568,-0.750000000000,1.50000000000,1.53937010104469e-08,0.0604229789445999,4.60859994899001e-05,0.00408915412931741
308,20,10,36,-1.21352549156,-0.881677878439,1.50000000000,1.53937010104469e-08,0.0604229789446384,4.60854172167622e-05,0.00408915412926816
309,31,10,37,-1.11471723822,-1.00369590954,1.50000000000,1.53937010104469e-08,0.0604229789449768,4.60841281475613e-05,0.00408915412919594
310,42,10,38,-1.00369590954,-1.11471723822,1.50000000000,1.53937010104469e-08,0.0604229789454357,4.60825380012525e-05,0.00408915412911285
311,55,10,39,-0.881677878439,-1.21352549156,1.50000000000,1.53937006004698e-08,0.0604229773365501,4.60811890142539e-05,0.00408915402013070
312,69,10,40,-0.750000000000,-1.29903810568,1.50000000000,1.53936998093821e-08,0.0604229742314312,4.60805599297891e-05,0.00408915380993423
313,84,10,41,-0.610104964614,-1.37031818646,1.50000000000,1.53937005969196e-08,0.0604229773223077,4.60808551670582e-05,0.00408915401911148
314,103,10,42,-0.463525491562,-1.42658477444,1.50000000000,1.53937010104469e-08,0.0604229789448248,4.60818800843617e-05,0.00408915412896206
315,122,10,43,-0.311867536227,-1.46722140110,1.50000000000,1.53937010104469e-08,0.0604229789440697,4.60831604642938e-05,0.00408915412897301
316,141,10,44,-0.156792694901,-1.49178284305,1.50000000000,1.53937010104469e-08,0.0604229789434460,4.60841501809217e-05,0.00408915412897565
317,162,10,45,-2.75545529808e-16,-1.50000000000,1.50000000000,1.53937010104469e-08,0.0604229789431362,4.60844400803995e-05,0.00408915412895793
318,192,10,46,0.156792694901,-1.49178284305,1.50000000000,1.53937010104469e-08,0.0604229789432099,4.60838855939848e-05,0.00408915412891629
319,211,10,47,0.311867536227,-1.46722140110,1.50000000000,1.53937010104469e-08,0.0604229789436010,4.60826459272225e-05,0.00408915412885630
320,230,10,48,0.463525491562,-1.42658477444,1.50000000000,1.53937010104469e-08,0.0604229789441301,4.60811324104604e-05,0.00408915412879066
321,249,10,49,0.610104964614,-1.37031818646,1.50000000000,1.53937005969196e-08,0.0604229773213954,4.60798824468345e-05,0.00408915401888735
322,263,10,50,0.750000000000,-1.29903810568,1.50000000000,1.53936998093822e-08,0.0604229742303118,4.60793633369438e-05,0.00408915380965890
323,278,10,51,0.881677878439,-1.21352549156,1.50000000000,1.53937006004697e-08,0.0604229773352386,4.60797723934055e-05,0.00408915401980656
324,291,10,52,1.00369590954,-1.11471723822,1.50000000000,1.53937010104469e-08,0.0604229789439477,4.60809307714745e-05,0.00408915412874506
325,302,10,53,1.11471723822,-1.00369590954,1.50000000000,1.53937010104469e-08,0.0604229789433314,4.60823734021520e-05,0.00408915412879156
326,313,10,54,1.21352549156,-0.881677878439,1.50000000000,1.53937010104469e-08,0.0604229789428564,4.60835542216501e-05,0.00408915412883413
327,317,10,55,1.29903810568,-0.750000000000,1.50000000000,1.53937010104469e-08,0.0604229789427032,4.60840557389152e-05,0.00408915412885954
328,324,10,56,1.37031818646,-0.610104964614,1.50000000000,1.53937010104469e-08,0.0604229789429373,4.60837253950485e-05,0.00408915412886285
329,326,10,57,1.42658477444,-0.463525491562,1.50000000000,1.53937010104469e-08,0.0604229789434901,4.60827127406418e-05,0.00408915412884825
330,328,10,58,1.46722140110,-0.311867536227,1.50000000000,1.53937010104469e-08,0.0604229789441790,4.60814183303155e-05,0.00408915412882697
331,330,10,59,1.49178284305,-0.156792694901,1.50000000000,1.53937012275374e-08,0.0604229797968850,4.60803723895466e-05,0.00408915418648175
