strand_id,radial_ring,ring_index,x_mm,y_mm,copper_radius_mm,length_mm
1,0,0,0,0,0.07,1000
2,1,0,0.15,0,0.07,1000
3,1,1,0.075,0.129903810568,0.07,1000
4,1,2,-0.075,0.129903810568,0.07,1000
5,1,3,-0.15,1.83697019872e-17,0.07,1000
6,1,4,-0.075,-0.129903810568,0.07,1000
7,1,5,0.075,-0.129903810568,0.07,1000
8,2,0,0.3,0,0.07,1000
9,2,1,0.259807621135,0.15,0.07,1000
10,2,2,0.15,0.259807621135,0.07,1000
11,2,3,1.83697019872e-17,0.3,0.07,1000
12,2,4,-0.15,0.259807621135,0.07,1000
13,2,5,-0.259807621135,0.15,0.07,1000
14,2,6,-0.3,3.67394039744e-17,0.07,1000
15,2,7,-0.259807621135,-0.15,0.07,1000
16,2,8,-0.15,-0.259807621135,0.07,1000
17,2,9,-5.51091059616e-17,-0.3,0.07,1000
18,2,10,0.15,-0.259807621135,0.07,1000
19,2,11,0.259807621135,-0.15,0.07,1000
20,3,0,0.45,0,0.07,1000
21,3,1,0.422861679354,0.153909064497,0.07,1000
22,3,2,0.344719999404,0.289254424359,0.07,1000
23,3,3,0.225,0.389711431703,0.07,1000
24,3,4,0.0781416799501,0.443163488855,0.07,1000
25,3,5,-0.0781416799501,0.443163488855,0.07,1000
26,3,6,-0.225,0.389711431703,0.07,1000
27,3,7,-0.344719999404,0.289254424359,0.07,1000
28,3,8,-0.422861679354,0.153909064497,0.07,1000
29,3,9,-0.45,5.51091059616e-17,0.07,1000
30,3,10,-0.422861679354,-0.153909064497,0.07,1000
31,3,11,-0.344719999404,-0.289254424359,0.07,1000
32,3,12,-0.225,-0.389711431703,0.07,1000
33,3,13,-0.0781416799501,-0.443163488855,0.07,1000
34,3,14,0.0781416799501,-0.443163488855,0.07,1000
35,3,15,0.225,-0.389711431703,0.07,1000
36,3,16,0.344719999404,-0.289254424359,0.07,1000
37,3,17,0.422861679354,-0.153909064497,0.07,1000
38,4,0,0.6,0,0.07,1000
39,4,1,0.579555495773,0.155291427062,0.07,1000
40,4,2,0.519615242271,0.3,0.07,1000
41,4,3,0.424264068712,0.424264068712,0.07,1000
42,4,4,0.3,0.519615242271,0.07,1000
43,4,5,0.155291427062,0.579555495773,0.07,1000
44,4,6,3.67394039744e-17,0.6,0.07,1000
45,4,7,-0.155291427062,0.579555495773,0.07,1000
46,4,8,-0.3,0.519615242271,0.07,1000
47,4,9,-0.424264068712,0.424264068712,0.07,1000
48,4,10,-0.519615242271,0.3,0.07,1000
49,4,11,-0.579555495773,0.155291427062,0.07,1000
50,4,12,-0.6,7.34788079488e-17,0.07,1000
51,4,13,-0.579555495773,-0.155291427062,0.07,1000
52,4,14,-0.519615242271,-0.3,0.07,1000
53,4,15,-0.424264068712,-0.424264068712,0.07,1000
54,4,16,-0.3,-0.519615242271,0.07,1000
55,4,17,-0.155291427062,-0.579555495773,0.07,1000
56,4,18,-1.10218211923e-16,-0.6,0.07,1000
57,4,19,0.155291427062,-0.579555495773,0.07,1000
58,4,20,0.3,-0.519615242271,0.07,1000
59,4,21,0.424264068712,-0.424264068712,0.07,1000
60,4,22,0.519615242271,-0.3,0.07,1000
61,4,23,0.579555495773,-0.155291427062,0.07,1000
62,5,0,0.75,0,0.07,1000
63,5,1,0.73361070055,0.155933768113,0.07,1000
64,5,2,0.685159093232,0.305052482307,0.07,1000
65,5,3,0.606762745781,0.440838939219,0.07,1000
66,5,4,0.501847954769,0.557358619108,0.07,1000
67,5,5,0.375,0.649519052838,0.07,1000
68,5,6,0.231762745781,0.713292387221,0.07,1000
69,5,7,0.0783963474507,0.745891421526,0.07,1000
70,5,8,-0.0783963474507,0.745891421526,0.07,1000
71,5,9,-0.231762745781,0.713292387221,0.07,1000
72,5,10,-0.375,0.649519052838,0.07,1000
73,5,11,-0.501847954769,0.557358619108,0.07,1000
74,5,12,-0.606762745781,0.440838939219,0.07,1000
75,5,13,-0.685159093232,0.305052482307,0.07,1000
76,5,14,-0.73361070055,0.155933768113,0.07,1000
77,5,15,-0.75,4.24915417324e-16,0.07,1000
78,5,16,-0.73361070055,-0.155933768113,0.07,1000
79,5,17,-0.685159093232,-0.305052482307,0.07,1000
80,5,18,-0.606762745781,-0.440838939219,0.07,1000
81,5,19,-0.501847954769,-0.557358619108,0.07,1000
82,5,20,-0.375,-0.649519052838,0.07,1000
83,5,21,-0.231762745781,-0.713292387221,0.07,1000
84,5,22,-0.0783963474507,-0.745891421526,0.07,1000
85,5,23,0.0783963474507,-0.745891421526,0.07,1000
86,5,24,0.231762745781,-0.713292387221,0.07,1000
87,5,25,0.375,-0.649519052838,0.07,1000
88,5,26,0.501847954769,-0.557358619108,0.07,1000
89,5,27,0.606762745781,-0.440838939219,0.07,1000
90,5,28,0.685159093232,-0.305052482307,0.07,1000
91,5,29,0.73361070055,-0.155933768113,0.07,1000
92,6,0,0.9,0,0.07,1000
93,6,1,0.886326977711,0.1562833599,0.07,1000
94,6,2,0.845723358707,0.307818128993,0.07,1000
95,6,3,0.779422863406,0.45,0.07,1000
96,6,4,0.689439998807,0.578508848718,0.07,1000
97,6,5,0.578508848718,0.689439998807,0.07,1000
98,6,6,0.45,0.779422863406,0.07,1000
99,6,7,0.307818128993,0.845723358707,0.07,1000
100,6,8,0.1562833599,0.886326977711,0.07,1000
101,6,9,5.51091059616e-17,0.9,0.07,1000
102,6,10,-0.1562833599,0.886326977711,0.07,1000
103,6,11,-0.307818128993,0.845723358707,0.07,1000
104,6,12,-0.45,0.779422863406,0.07,1000
105,6,13,-0.578508848718,0.689439998807,0.07,1000
106,6,14,-0.689439998807,0.578508848718,0.07,1000
107,6,15,-0.779422863406,0.45,0.07,1000
108,6,16,-0.845723358707,0.307818128993,0.07,1000
109,6,17,-0.886326977711,0.1562833599,0.07,1000
110,6,18,-0.9,1.10218211923e-16,0.07,1000
111,6,19,-0.886326977711,-0.1562833599,0.07,1000
112,6,20,-0.845723358707,-0.307818128993,0.07,1000
113,6,21,-0.779422863406,-0.45,0.07,1000
114,6,22,-0.689439998807,-0.578508848718,0.07,1000
115,6,23,-0.578508848718,-0.689439998807,0.07,1000
116,6,24,-0.45,-0.779422863406,0.07,1000
117,6,25,-0.307818128993,-0.845723358707,0.07,1000
118,6,26,-0.1562833599,-0.886326977711,0.07,1000
119,6,27,-1.65327317885e-16,-0.9,0.07,1000
120,6,28,0.1562833599,-0.886326977711,0.07,1000
121,6,29,0.307818128993,-0.845723358707,0.07,1000
122,6,30,0.45,-0.779422863406,0.07,1000
123,6,31,0.578508848718,-0.689439998807,0.07,1000
124,6,32,0.689439998807,-0.578508848718,0.07,1000
125,6,33,0.779422863406,-0.45,0.07,1000
126,6,34,0.845723358707,-0.307818128993,0.07,1000
127,6,35,0.886326977711,-0.1562833599,0.07,1000
128,7,0,1.05,0,0.07,1000
129,7,1,1.03827236754,0.156494379485,0.07,1000
130,7,2,1.00335144608,0.309492933131,0.07,1000
131,7,3,0.946017311298,0.455577926073,0.07,1000
132,7,4,0.867550713032,0.591486060967,0.07,1000
133,7,5,0.769704465421,0.714181374659,0.07,1000
134,7,6,0.654664291952,0.820923056591,0.07,1000
135,7,7,0.525,0.909326673974,0.07,1000
136,7,8,0.383608075585,0.977417436076,0.07,1000
137,7,9,0.233646980654,1.02367430779,0.07,1000
138,7,10,0.0784665982657,1.04706398704,0.07,1000
139,7,11,-0.0784665982657,1.04706398704,0.07,1000
140,7,12,-0.233646980654,1.02367430779,0.07,1000
141,7,13,-0.383608075585,0.977417436076,0.07,1000
142,7,14,-0.525,0.909326673974,0.07,1000
143,7,15,-0.654664291952,0.820923056591,0.07,1000
144,7,16,-0.769704465421,0.714181374659,0.07,1000
145,7,17,-0.867550713032,0.591486060967,0.07,1000
146,7,18,-0.946017311298,0.455577926073,0.07,1000
147,7,19,-1.00335144608,0.309492933131,0.07,1000
148,7,20,-1.03827236754,0.156494379485,0.07,1000
149,7,21,-1.05,1.2858791391e-16,0.07,1000
150,7,22,-1.03827236754,-0.156494379485,0.07,1000
151,7,23,-1.00335144608,-0.309492933131,0.07,1000
152,7,24,-0.946017311298,-0.455577926073,0.07,1000
153,7,25,-0.867550713032,-0.591486060967,0.07,1000
154,7,26,-0.769704465421,-0.714181374659,0.07,1000
155,7,27,-0.654664291952,-0.820923056591,0.07,1000
156,7,28,-0.525,-0.909326673974,0.07,1000
157,7,29,-0.383608075585,-0.977417436076,0.07,1000
158,7,30,-0.233646980654,-1.02367430779,0.07,1000
159,7,31,-0.0784665982657,-1.04706398704,0.07,1000
160,7,32,0.0784665982657,-1.04706398704,0.07,1000
161,7,33,0.233646980654,-1.02367430779,0.07,1000
162,7,34,0.383608075585,-0.977417436076,0.07,1000
163,7,35,0.525,-0.909326673974,0.07,1000
164,7,36,0.654664291952,-0.820923056591,0.07,1000
165,7,37,0.769704465421,-0.714181374659,0.07,1000
166,7,38,0.867550713032,-0.591486060967,0.07,1000
167,7,39,0.946017311298,-0.455577926073,0.07,1000
168,7,40,1.00335144608,-0.309492933131,0.07,1000
169,7,41,1.03827236754,-0.156494379485,0.07,1000
170,8,0,1.2,0,0.07,1000
171,8,1,1.18973383365,0.156631430664,0.07,1000
172,8,2,1.15911099155,0.310582854123,0.07,1000
173,8,3,1.10865543901,0.459220118838,0.07,1000
174,8,4,1.03923048454,0.6,0.07,1000
175,8,5,0.952024008349,0.73051371481,0.07,1000
176,8,6,0.848528137424,0.848528137424,0.07,1000
177,8,7,0.73051371481,0.952024008349,0.07,1000
178,8,8,0.6,1.03923048454,0.07,1000
179,8,9,0.459220118838,1.10865543901,0.07,1000
180,8,10,0.310582854123,1.15911099155,0.07,1000
181,8,11,0.156631430664,1.18973383365,0.07,1000
182,8,12,7.34788079488e-17,1.2,0.07,1000
183,8,13,-0.156631430664,1.18973383365,0.07,1000
184,8,14,-0.310582854123,1.15911099155,0.07,1000
185,8,15,-0.459220118838,1.10865543901,0.07,1000
186,8,16,-0.6,1.03923048454,0.07,1000
187,8,17,-0.73051371481,0.952024008349,0.07,1000
188,8,18,-0.848528137424,0.848528137424,0.07,1000
189,8,19,-0.952024008349,0.73051371481,0.07,1000
190,8,20,-1.03923048454,0.6,0.07,1000
191,8,21,-1.10865543901,0.459220118838,0.07,1000
192,8,22,-1.15911099155,0.310582854123,0.07,1000
193,8,23,-1.18973383365,0.156631430664,0.07,1000
194,8,24,-1.2,1.46957615898e-16,0.07,1000
195,8,25,-1.18973383365,-0.156631430664,0.07,1000
196,8,26,-1.15911099155,-0.310582854123,0.07,1000
197,8,27,-1.10865543901,-0.459220118838,0.07,1000
198,8,28,-1.03923048454,-0.6,0.07,1000
199,8,29,-0.952024008349,-0.73051371481,0.07,1000
200,8,30,-0.848528137424,-0.848528137424,0.07,1000
201,8,31,-0.73051371481,-0.952024008349,0.07,1000
202,8,32,-0.6,-1.03923048454,0.07,1000
203,8,33,-0.459220118838,-1.10865543901,0.07,1000
204,8,34,-0.310582854123,-1.15911099155,0.07,1000
205,8,35,-0.156631430664,-1.18973383365,0.07,1000
206,8,36,-2.20436423847e-16,-1.2,0.07,1000
207,8,37,0.156631430664,-1.18973383365,0.07,1000
208,8,38,0.310582854123,-1.15911099155,0.07,1000
209,8,39,0.459220118838,-1.10865543901,0.07,1000
210,8,40,0.6,-1.03923048454,0.07,1000
211,8,41,0.73051371481,-0.952024008349,0.07,1000
212,8,42,0.848528137424,-0.848528137424,0.07,1000
213,8,43,0.952024008349,-0.73051371481,0.07,1000
214,8,44,1.03923048454,-0.6,0.07,1000
215,8,45,1.10865543901,-0.459220118838,0.07,1000
216,8,46,1.15911099155,-0.310582854123,0.07,1000
217,8,47,1.18973383365,-0.156631430664,0.07,1000
218,9,0,1.35,0,0.07,1000
219,9,1,1.34087178295,0.156725434069,0.07,1000
220,9,2,1.31361057528,0.311331425502,0.07,1000
221,9,3,1.26858503806,0.46172719349,0.07,1000
222,9,4,1.20640406444,0.605878893271,0.07,1000
223,9,5,1.12790854541,0.741837120396,0.07,1000
224,9,6,1.03415999821,0.867763273077,0.07,1000
225,9,7,0.926426211123,0.981954416124,0.07,1000
226,9,8,0.806164098799,1.08286631022,0.07,1000
227,9,9,0.675,1.16913429511,0.07,1000
228,9,10,0.534707684153,1.23959174429,0.07,1000
229,9,11,0.38718436416,1.29328584163,0.07,1000
230,9,12,0.23442503985,1.32949046657,0.07,1000
231,9,13,0.0784955190291,1.34771601367,0.07,1000
232,9,14,-0.0784955190291,1.34771601367,0.07,1000
233,9,15,-0.23442503985,1.32949046657,0.07,1000
234,9,16,-0.38718436416,1.29328584163,0.07,1000
235,9,17,-0.534707684153,1.23959174429,0.07,1000
236,9,18,-0.675,1.16913429511,0.07,1000
237,9,19,-0.806164098799,1.08286631022,0.07,1000
238,9,20,-0.926426211123,0.981954416124,0.07,1000
239,9,21,-1.03415999821,0.867763273077,0.07,1000
240,9,22,-1.12790854541,0.741837120396,0.07,1000
241,9,23,-1.20640406444,0.605878893271,0.07,1000
242,9,24,-1.26858503806,0.46172719349,0.07,1000
243,9,25,-1.31361057528,0.311331425502,0.07,1000
244,9,26,-1.34087178295,0.156725434069,0.07,1000
245,9,27,-1.35,1.65327317885e-16,0.07,1000
246,9,28,-1.34087178295,-0.156725434069,0.07,1000
247,9,29,-1.31361057528,-0.311331425502,0.07,1000
248,9,30,-1.26858503806,-0.46172719349,0.07,1000
249,9,31,-1.20640406444,-0.605878893271,0.07,1000
250,9,32,-1.12790854541,-0.741837120396,0.07,1000
251,9,33,-1.03415999821,-0.867763273077,0.07,1000
252,9,34,-0.926426211123,-0.981954416124,0.07,1000
253,9,35,-0.806164098799,-1.08286631022,0.07,1000
254,9,36,-0.675,-1.16913429511,0.07,1000
255,9,37,-0.534707684153,-1.23959174429,0.07,1000
256,9,38,-0.38718436416,-1.29328584163,0.07,1000
257,9,39,-0.23442503985,-1.32949046657,0.07,1000
258,9,40,-0.0784955190291,-1.34771601367,0.07,1000
259,9,41,0.0784955190291,-1.34771601367,0.07,1000
260,9,42,0.23442503985,-1.32949046657,0.07,1000
261,9,43,0.38718436416,-1.29328584163,0.07,1000
262,9,44,0.534707684153,-1.23959174429,0.07,1000
263,9,45,0.675,-1.16913429511,0.07,1000
264,9,46,0.806164098799,-1.08286631022,0.07,1000
265,9,47,0.926426211123,-0.981954416124,0.07,1000
266,9,48,1.03415999821,-0.867763273077,0.07,1000
267,9,49,1.12790854541,-0.741837120396,0.07,1000
268,9,50,1.20640406444,-0.605878893271,0.07,1000
269,9,51,1.26858503806,-0.46172719349,0.07,1000
270,9,52,1.31361057528,-0.311331425502,0.07,1000
271,9,53,1.34087178295,-0.156725434069,0.07,1000
272,10,0,1.5,0,0.07,1000
273,10,1,1.49178284305,0.156792694901,0.07,1000
274,10,2,1.4672214011,0.311867536227,0.07,1000
275,10,3,1.42658477444,0.463525491562,0.07,1000
276,10,4,1.37031818646,0.610104964614,0.07,1000
277,10,5,1.29903810568,0.75,0.07,1000
278,10,6,1.21352549156,0.881677878439,0.07,1000
279,10,7,1.11471723822,1.00369590954,0.07,1000
280,10,8,1.00369590954,1.11471723822,0.07,1000
281,10,9,0.881677878439,1.21352549156,0.07,1000
282,10,10,0.75,1.29903810568,0.07,1000
283,10,11,0.610104964614,1.37031818646,0.07,1000
284,10,12,0.463525491562,1.42658477444,0.07,1000
285,10,13,0.311867536227,1.4672214011,0.07,1000
286,10,14,0.156792694901,1.49178284305,0.07,1000
287,10,15,4.24915417324e-16,1.5,0.07,1000
288,10,16,-0.156792694901,1.49178284305,0.07,1000
289,10,17,-0.311867536227,1.4672214011,0.07,1000
290,10,18,-0.463525491562,1.42658477444,0.07,1000
291,10,19,-0.610104964614,1.37031818646,0.07,1000
292,10,20,-0.75,1.29903810568,0.07,1000
293,10,21,-0.881677878439,1.21352549156,0.07,1000
294,10,22,-1.00369590954,1.11471723822,0.07,1000
295,10,23,-1.11471723822,1.00369590954,0.07,1000
296,10,24,-1.21352549156,0.881677878439,0.07,1000
297,10,25,-1.29903810568,0.75,0.07,1000
298,10,26,-1.37031818646,0.610104964614,0.07,1000
299,10,27,-1.42658477444,0.463525491562,0.07,1000
300,10,28,-1.4672214011,0.311867536227,0.07,1000
301,10,29,-1.49178284305,0.156792694901,0.07,1000
302,10,30,-1.5,8.49830834647e-16,0.07,1000
303,10,31,-1.49178284305,-0.156792694901,0.07,1000
304,10,32,-1.4672214011,-0.311867536227,0.07,1000
305,10,33,-1.42658477444,-0.463525491562,0.07,1000
306,10,34,-1.37031818646,-0.610104964614,0.07,1000
307,10,35,-1.29903810568,-0.75,0.07,1000
308,10,36,-1.21352549156,-0.881677878439,0.07,1000
309,10,37,-1.11471723822,-1.00369590954,0.07,1000
310,10,38,-1.00369590954,-1.11471723822,0.07,1000
311,10,39,-0.881677878439,-1.21352549156,0.07,1000
312,10,40,-0.75,-1.29903810568,0.07,1000
313,10,41,-0.610104964614,-1.37031818646,0.07,1000
314,10,42,-0.463525491562,-1.42658477444,0.07,1000
315,10,43,-0.311867536227,-1.4672214011,0.07,1000
316,10,44,-0.156792694901,-1.49178284305,0.07,1000
317,10,45,-2.75545529808e-16,-1.5,0.07,1000
318,10,46,0.156792694901,-1.49178284305,0.07,1000
319,10,47,0.311867536227,-1.4672214011,0.07,1000
320,10,48,0.463525491562,-1.42658477444,0.07,1000
321,10,49,0.610104964614,-1.37031818646,0.07,1000
322,10,50,0.75,-1.29903810568,0.07,1000
323,10,51,0.881677878439,-1.21352549156,0.07,1000
324,10,52,1.00369590954,-1.11471723822,0.07,1000
325,10,53,1.11471723822,-1.00369590954,0.07,1000
326,10,54,1.21352549156,-0.881677878439,0.07,1000
327,10,55,1.29903810568,-0.75,0.07,1000
328,10,56,1.37031818646,-0.610104964614,0.07,1000
329,10,57,1.42658477444,-0.463525491562,0.07,1000
330,10,58,1.4672214011,-0.311867536227,0.07,1000
331,10,59,1.49178284305,-0.156792694901,0.07,1000
