strand_id,radial_ring,radius_mm,I_rms_magnitude_A,I_phase_deg,net_J_magnitude_A_mm2,loss_W_per_m,uniform_same_current_loss_W_per_m,within_strand_excess_loss_W_per_m
1,0,0,0.000540183491549148,-65.9151676939679,0.0350912101958251,3.27164974695266e-07,3.26822283556308e-07,3.42691138958438e-10
2,1,0.15,0.000563759595213475,-43.3264994718131,0.0366227490919371,3.67514187976844e-07,3.55972865580606e-07,1.15413223962383e-08
3,1,0.15,0.000563762653658955,-43.3262992897468,0.0366229517186149,3.67518277557981e-07,3.55976766305347e-07,1.15415112526342e-08
4,1,0.15,0.000563765199073844,-43.3261088681816,0.0366231170729639,3.67521666668827e-07,3.55979980816279e-07,1.15416858525479e-08
5,1,0.15,0.000563764862121733,-43.3261057651203,0.0366230912389467,3.67521184454237e-07,3.55979516944766e-07,1.15416675094707e-08
6,1,0.15,0.000563761640977703,-43.3263728028388,0.0366228859331707,3.67516952038777e-07,3.55975487431441e-07,1.1541464607336e-08
7,1,0.15,0.000563759025233314,-43.3265861536238,0.0366227160101014,3.67513453955672e-07,3.55972184125022e-07,1.154126983065e-08
8,2,0.3,0.00080584386788659,5.08937024496324,0.0523489357454838,7.71399048166109e-07,7.27328773463573e-07,4.4070274702536e-08
9,2,0.3,0.000808788662481157,5.33615011633633,0.0525402346019501,7.75700503836857e-07,7.32654242588921e-07,4.30462612479358e-08
10,2,0.3,0.000805851131428397,5.089442389228,0.0523494159482235,7.71412790554267e-07,7.27342001232616e-07,4.40707893216512e-08
11,2,0.3,0.000808795418333992,5.33616469892448,0.0525406734732021,7.75713191565675e-07,7.32666482436347e-07,4.30467091293276e-08
12,2,0.3,0.000805857505890418,5.08957412178792,0.0523498300437693,7.71424893866174e-07,7.27353508152745e-07,4.40713857134291e-08
13,2,0.3,0.000808799959041053,5.33637333169357,0.0525409684449605,7.75722014744043e-07,7.32674709073471e-07,4.30473056705722e-08
14,2,0.3,0.000805857364456883,5.08963656836145,0.0523498125047659,7.71424728483173e-07,7.27353136808665e-07,4.4071591674508e-08
15,2,0.3,0.000808794941203333,5.33625841729252,0.0525406424780136,7.75712457570243e-07,7.32665617996386e-07,4.30468395738568e-08
16,2,0.3,0.000805848587409077,5.08940439358838,0.052349250684541,7.71407985020953e-07,7.27337408897604e-07,4.40705761233489e-08
17,2,0.3,0.000808784740124757,5.33595795866851,0.0525399797992619,7.75692850564831e-07,7.32647136346655e-07,4.3045714218176e-08
18,2,0.3,0.000805841443215422,5.08920858534573,0.0523487865859616,7.71394288716534e-07,7.2732451263806e-07,4.40697760784741e-08
19,2,0.3,0.000808782860858525,5.33598190833281,0.0525398577190532,7.75689361485123e-07,7.32643731639925e-07,4.30456298451977e-08
20,3,0.45,0.00148533762260377,54.3396414585449,0.096489961473502,2.62911979171003e-06,2.47103741345139e-06,1.5808237825864e-07
21,3,0.45,0.0014879182530511,54.4502164931002,0.0966576037849068,2.63678767536911e-06,2.47963125806455e-06,1.57156417304564e-07
22,3,0.45,0.00148792278850605,54.4501645158217,0.0966578984154799,2.63680321176441e-06,2.47964637485336e-06,1.57156836911046e-07
23,3,0.45,0.00148535016222997,54.3395966068128,0.0964907914610862,2.62916394880166e-06,2.4710795301797e-06,1.58084418621965e-07
24,3,0.45,0.0014879286975215,54.4501311148432,0.0966582822747902,2.63682448942397e-06,2.47966606982404e-06,1.57158419599932e-07
25,3,0.45,0.00148793294154485,54.4501584278622,0.0966585579734894,2.6368394787982e-06,2.47968021536169e-06,1.5715926343651e-07
26,3,0.45,0.00148536234978682,54.3396782603317,0.0964915831848404,2.62920707528591e-06,2.47112008162216e-06,1.58086993663754e-07
27,3,0.45,0.00148794184265435,54.4502727807829,0.0966591362041233,2.63687052529386e-06,2.47970988332656e-06,1.57160641967297e-07
28,3,0.45,0.00148794188655157,54.4503197277715,0.0966591390557586,2.63687101025682e-06,2.47971002963924e-06,1.57160980617581e-07
29,3,0.45,0.00148536356890707,54.3397529696583,0.096491646987804,2.62921130067454e-06,2.47112374378493e-06,1.5808755688961e-07
30,3,0.45,0.00148793517249155,54.450265172403,0.0966587028994368,2.63684732307012e-06,2.47968765123246e-06,1.57159671837662e-07
31,3,0.45,0.00148792919626191,54.4501832559398,0.0966583146737834,2.63682575999171e-06,2.47966773214817e-06,1.57158027843541e-07
32,3,0.45,0.00148534555424278,54.339606069297,0.0964904921186537,2.62914789381268e-06,2.47106419819208e-06,1.58083695620604e-07
33,3,0.45,0.00148791339894817,54.4500856554912,0.0966572884544402,2.63677049886493e-06,2.47961507926483e-06,1.57155419600101e-07
34,3,0.45,0.00148790795701444,54.4500243542704,0.0966569349375225,2.63675111604952e-06,2.47959694127874e-06,1.57154174770784e-07
35,3,0.45,0.00148533028905454,54.3394664542333,0.0964895004668989,2.62909379052332e-06,2.47101340722806e-06,1.58080383295261e-07
36,3,0.45,0.00148790710868966,54.4500322947363,0.0966568798289572,2.6367475945732e-06,2.47959411381496e-06,1.57153480758238e-07
37,3,0.45,0.00148790946726436,54.4501111585223,0.0966570330458282,2.63675640844748e-06,2.4796019749409e-06,1.57154433506578e-07
38,4,0.6,0.0029317433398984,101.608189408149,0.190450842698714,1.02561229655231e-05,9.62677568379298e-06,6.29347281730125e-07
39,4,0.6,0.00293555731275832,101.672615392821,0.190698605277971,1.02806112960493e-05,9.65183940097521e-06,6.2877189507409e-07
40,4,0.6,0.00293914962527662,101.737282467058,0.190931967775779,1.03038921361266e-05,9.67547623347428e-06,6.28415902652317e-07
41,4,0.6,0.00293556756883881,101.672518404441,0.190699271529737,1.0280681746944e-05,9.6519068431704e-06,6.28774903773601e-07
42,4,0.6,0.00293176482767754,101.608126757247,0.190452268962411,1.0256272795729e-05,9.62691833612724e-06,6.29354459601763e-07
43,4,0.6,0.00293557521337567,101.672509508649,0.190699768131358,1.02807354858038e-05,9.65195711246381e-06,6.28778373339991e-07
44,4,0.6,0.00293916654161404,101.73726564543,0.190933066688731,1.03040106985961e-05,9.67558760860825e-06,6.28423089987856e-07
45,4,0.6,0.00293558802647126,101.672566192875,0.190700600491008,1.02808257262483e-05,9.65204136969455e-06,6.2878435655375e-07
46,4,0.6,0.00293178969288582,101.608190012705,0.190453884247269,1.02564463371413e-05,9.62708163458986e-06,6.29364702551437e-07
47,4,0.6,0.00293560285076062,101.672583307536,0.190701563501096,1.02809284852543e-05,9.65213885272975e-06,6.28789632524547e-07
48,4,0.6,0.00293919214273689,101.737375826236,0.190934729779552,1.03041897627864e-05,9.6757561645457e-06,6.28433598240701e-07
49,4,0.6,0.00293560491192189,101.672693333753,0.190701697397503,1.02809447560243e-05,9.65215240675777e-06,6.28792349266529e-07
50,4,0.6,0.00293179430173617,101.608267572452,0.190454153263052,1.02564790783383e-05,9.62711036687249e-06,6.29368711465805e-07
51,4,0.6,0.00293559447327454,101.672622945371,0.190701019285894,1.02808701828279e-05,9.65208376316363e-06,6.28786419664268e-07
52,4,0.6,0.00293917183964315,101.737289016942,0.190933410857368,1.03040473951615e-05,9.67562249032745e-06,6.28424904834055e-07
53,4,0.6,0.0029355751430354,101.672537862847,0.190699763561937,1.02807352411534e-05,9.65195664991638e-06,6.28778591237015e-07
54,4,0.6,0.00293175691547352,101.608157832989,0.190451754972613,1.02562180234549e-05,9.62686637422459e-06,6.29351649230316e-07
55,4,0.6,0.002935551173202,101.672496337781,0.190698206442349,1.02805670587613e-05,9.65179902843714e-06,6.2876803032416e-07
56,4,0.6,0.00293912674104795,101.737186603467,0.190930481178849,1.03037313447712e-05,9.67532556748115e-06,6.28405777290053e-07
57,4,0.6,0.00293553385379898,101.672436826524,0.190697081345596,1.02804462386415e-05,9.65168513983886e-06,6.28761098802637e-07
58,4,0.6,0.0029317247907518,101.608027598383,0.190449668097812,1.02559926703556e-05,9.6266554026346e-06,6.29337267720999e-07
59,4,0.6,0.00293553252865122,101.672392500518,0.19069699526183,1.02804359557536e-05,9.6516764259853e-06,6.28759529768296e-07
60,4,0.6,0.00293912266195626,101.737171779722,0.190930216194379,1.03037021916671e-05,9.67529871153635e-06,6.28403480130752e-07
61,4,0.6,0.00293554234399668,101.672530944783,0.190697632882728,1.02805060480153e-05,9.65174096943419e-06,6.28765078581111e-07
62,5,0.75,0.00595854420085035,148.608982175502,0.387076777446969,4.24396065177627e-05,3.97657601300082e-05,2.67384638775447e-06
63,5,0.75,0.00596492651921356,148.642231903997,0.387491384636188,4.25257493199009e-05,3.98509937272962e-05,2.67475559260469e-06
64,5,0.75,0.0059750607042721,148.69601755748,0.388149717875976,4.26632292912857e-05,3.9986519425087e-05,2.67670986619869e-06
65,5,0.75,0.00597506662132371,148.695959900184,0.388150102257329,4.26633040241192e-05,3.99865986217439e-05,2.67670540237526e-06
66,5,0.75,0.00596494506750001,148.642130127947,0.387492589563219,4.25260104881866e-05,3.98512415656539e-05,2.6747689225327e-06
67,5,0.75,0.00595858146284872,148.608892431063,0.387079259797202,4.24401361714915e-05,3.97662638289796e-05,2.67387234251191e-06
68,5,0.75,0.00596495853262877,148.642137603991,0.387493464280011,4.25262015122507e-05,3.98514214843954e-05,2.67478002785528e-06
69,5,0.75,0.00597509304845515,148.695987284464,0.388151819007019,4.26636846863134e-05,3.99869523361045e-05,2.6767323502089e-06
70,5,0.75,0.00597510416464071,148.696024522442,0.388152541132618,4.2663845078033e-05,3.99871011213341e-05,2.67674395669885e-06
71,5,0.75,0.00596499200564426,148.64220961605,0.387495638741855,4.25266815798722e-05,3.9851868746848e-05,2.6748128330242e-06
72,5,0.75,0.00595863386007162,148.608954706241,0.387082663607051,4.24408821545697e-05,3.97669632071671e-05,2.67391894740264e-06
73,5,0.75,0.0059650139025617,148.642165443708,0.387497061201433,4.25269878543227e-05,3.98521613322129e-05,2.67482652210984e-06
74,5,0.75,0.00597514871697744,148.696021549849,0.388155435325294,4.26644751471348e-05,3.9987697437444e-05,2.67677770969079e-06
75,5,0.75,0.00597515321684817,148.696096989935,0.388155727644258,4.26645437311399e-05,3.99877576667522e-05,2.67678606438767e-06
76,5,0.75,0.00596502578345962,148.642319121039,0.387497833003997,4.25271642857881e-05,3.98523200845443e-05,2.67484420124375e-06
77,5,0.75,0.00595864794346984,148.609044934463,0.387083516737219,4.24410823551108e-05,3.97671448440914e-05,2.67393751101938e-06
78,5,0.75,0.00596500603539052,148.642237407194,0.387496550137123,4.25268795611569e-05,3.98520562113955e-05,2.67482334976135e-06
79,5,0.75,0.00597511608469882,148.696006667219,0.388153315479092,4.26640168911335e-05,3.998726066635e-05,2.67675622478353e-06
80,5,0.75,0.00597509973052341,148.695965936548,0.388152253085104,4.26637729076097e-05,3.99870417726011e-05,2.67673113500862e-06
81,5,0.75,0.00596495545331596,148.642151267008,0.38749326424281,4.25261573897717e-05,3.98513803391096e-05,2.67477705066214e-06
82,5,0.75,0.00595856757692071,148.608923895016,0.387078357744464,4.24399403243023e-05,3.9766078485929e-05,2.67386183837332e-06
83,5,0.75,0.00596491773462489,148.642142743551,0.387490813974938,4.25256233738991e-05,3.98508763497128e-05,2.67474702418635e-06
84,5,0.75,0.00597502449475169,148.695933260972,0.388147365646296,4.2662707109631e-05,3.99860347812062e-05,2.67667232842485e-06
85,5,0.75,0.0059750098611099,148.695917917282,0.388146415020986,4.26624954287987e-05,3.99858389190491e-05,2.67665650974955e-06
86,5,0.75,0.00596487469093945,148.642085264106,0.387488017786717,4.25250076123742e-05,3.9850301212729e-05,2.67470639964522e-06
87,5,0.75,0.00595849934067867,148.608828654195,0.38707392500586,4.24389673464089e-05,3.97651677058849e-05,2.67379964052403e-06
88,5,0.75,0.00596486872401036,148.642026278822,0.387487630165242,4.25249189045036e-05,3.98502214847163e-05,2.67469741978731e-06
89,5,0.75,0.00597500079058246,148.695847970646,0.388145825784685,4.26623617452061e-05,3.99857175159444e-05,2.67664422926167e-06
90,5,0.75,0.00597501168440335,148.695921299785,0.388146533465112,4.2662521439711e-05,3.99858633226672e-05,2.67665811704376e-06
91,5,0.75,0.00596489999977874,148.6421799013,0.38748966189032,4.25253702790606e-05,3.98506393814454e-05,2.67473089761523e-06
92,6,0.9,0.0123745532706147,-164.438241992632,0.803871221036145,0.00018327264022605,0.000171509435300446,1.17632049256036e-05
93,6,0.9,0.0123842790919767,-164.423783457875,0.80450302155286,0.000183548485301339,0.00017177913705602,1.17693482453193e-05
94,6,0.9,0.0124035505969015,-164.394986041253,0.805754937586733,0.000184096807289229,0.000172314174776901,1.17826325123284e-05
95,6,0.9,0.0124131134689461,-164.380726653478,0.806376157398536,0.000184369770919849,0.000172579978283462,1.1789792636387e-05
96,6,0.9,0.0124035616260681,-164.395064264462,0.805755654059436,0.000184097139758713,0.000172314481218603,1.17826585401097e-05
97,6,0.9,0.0123843126100237,-164.423882733061,0.804505206487972,0.000183549488853315,0.000171780068509288,1.17694203440269e-05
98,6,0.9,0.0123746190509062,-164.438334144924,0.803875622471917,0.00018327458820286,0.000171511286075863,1.17633021269965e-05
99,6,0.9,0.0123843364608804,-164.423889132223,0.804506755878639,0.00018355018694273,0.000171780730169869,1.17694567728608e-05
100,6,0.9,0.0124036093649758,-164.395043969944,0.805758755256978,0.00018409856634306,0.000172315807631322,1.17827587117378e-05
101,6,0.9,0.0124131857341707,-164.380683199055,0.80638085186574,0.000184371954256812,0.000172581987701521,1.17899665552913e-05
102,6,0.9,0.0124036531667131,-164.394995151685,0.805761600689489,0.000184099856831948,0.00017231702465531,1.17828321766378e-05
103,6,0.9,0.0123844181884213,-164.423810156941,0.804512065033393,0.000183552601806045,0.000171782997431102,1.17696043749432e-05
104,6,0.9,0.0123747304453111,-164.438274061633,0.803882858835818,0.000183277877009304,0.000171514373925851,1.1763503083453e-05
105,6,0.9,0.0123844502220394,-164.423862486944,0.804514145989633,0.000183553552342151,0.000171783886102331,1.17696662398205e-05
106,6,0.9,0.012403724190418,-164.395041239458,0.805766214505545,0.000184101942928203,0.000172318998046275,1.1782944881928e-05
107,6,0.9,0.012413296586243,-164.38065575521,0.806388052997703,0.000184375214671644,0.000172585070094199,1.17901445774446e-05
108,6,0.9,0.0124037499372171,-164.394907497231,0.805767887059734,0.000184102735590187,0.000172319713422909,1.17830221672779e-05
109,6,0.9,0.0123844896224663,-164.423694096755,0.804516697957744,0.000183554731207125,0.000171784977533768,1.17697536733567e-05
110,6,0.9,0.0123747691877996,-164.438187171548,0.803885247369632,0.000183279030511008,0.000171515420511661,1.17636099993466e-05
111,6,0.9,0.0123844496979697,-164.423778593677,0.804514104397154,0.000183553537900635,0.00017178386995196,1.17696679486748e-05
112,6,0.9,0.0124036779939091,-164.394998169316,0.805763213504758,0.000184100574517244,0.000172317714476732,1.17828600405116e-05
113,6,0.9,0.0124132025663266,-164.380730865902,0.806381945310121,0.000184372410317533,0.000172582455740742,1.17899545767907e-05
114,6,0.9,0.0124036150036489,-164.395058522697,0.80575912155441,0.000184098720164563,0.000172315964300677,1.1782755863886e-05
115,6,0.9,0.0123843295644073,-164.423850700337,0.804506307872465,0.000183549989946578,0.00017178053885064,1.17694510959385e-05
116,6,0.9,0.0123745950314941,-164.438297038649,0.803874062131366,0.0001832738770078,0.00017151062026203,1.17632567457699e-05
117,6,0.9,0.0123842661433695,-164.423873139156,0.804502187938103,0.000183548100708587,0.000171778779454285,1.17693212543016e-05
118,6,0.9,0.0124034869774085,-164.395073086654,0.805750804760397,0.00018409493532224,0.000172312407135897,1.17825281863429e-05
119,6,0.9,0.0124130134610174,-164.380770243855,0.806369660719885,0.000184366825058664,0.000172577197466758,1.17896275919056e-05
120,6,0.9,0.012403435673881,-164.395103336128,0.805747471999325,0.000184093402949416,0.000172310981695447,1.17824212539694e-05
121,6,0.9,0.0123841647158926,-164.423913035362,0.80449559904328,0.000183545093436546,0.000171775965720047,1.17691277164995e-05
122,6,0.9,0.0123744492345864,-164.438375320909,0.803864590924256,0.000183269557038397,0.000171506578825409,1.17629782129879e-05
123,6,0.9,0.0123841485755867,-164.423980547734,0.804494550542602,0.000183544609621824,0.000171775517968438,1.1769091653386e-05
124,6,0.9,0.0124034114185908,-164.395187370995,0.805745896335993,0.000184092659640309,0.000172310307777527,1.17823518627824e-05
125,6,0.9,0.0124129855986848,-164.380823948625,0.806367850737178,0.000184365975899824,0.000172576422731776,1.1789553168048e-05
126,6,0.9,0.0124034577900121,-164.395065118173,0.805748908699377,0.000184094057429916,0.000172311596179328,1.1782461250588e-05
127,6,0.9,0.0123842307533236,-164.423809757994,0.804499881394908,0.000183547067703002,0.00017177779607269,1.17692716303125e-05
128,7,1.05,0.0260919831525403,-117.547410181023,1.69497790323425,0.000815527378589006,0.000762505774053726,5.30216045352799e-05
129,7,1.05,0.0261051211016656,-117.541386400556,1.69583133242592,0.000816316556901819,0.000763273832775473,5.3042724126346e-05
130,7,1.05,0.0261344317218445,-117.527961471976,1.69773543763832,0.000818081190390215,0.000764988808219217,5.30923821709978e-05
131,7,1.05,0.0261577793203611,-117.517332644273,1.699252135832,0.000819491043991445,0.00076635624790941,5.31347960820347e-05
132,7,1.05,0.0261577878309729,-117.517353795302,1.69925268869527,0.000819491475110031,0.000766356746587949,5.31347285220818e-05
133,7,1.05,0.0261344566081623,-117.528021188215,1.69773705429423,0.000818082770150304,0.000764990265129688,5.30925050206157e-05
134,7,1.05,0.0261051834050131,-117.541477083849,1.6958354298283,0.000816320414508576,0.000763277498627363,5.30429158812135e-05
135,7,1.05,0.0260920975684188,-117.54750391601,1.69498560627405,0.000815534492934997,0.000762512583033932,5.30219099010653e-05
136,7,1.05,0.02610522376628,-117.541491653989,1.69583805225439,0.000816322866665654,0.000763279859059885,5.30430076057689e-05
137,7,1.05,0.0261345437480063,-117.52802852083,1.69774271504105,0.00081808825078358,0.000764995366536193,5.3092884247387e-05
138,7,1.05,0.0261579295204577,-117.517311534248,1.69926189307598,0.000819500358637114,0.000766365048894502,5.3135309742612e-05
139,7,1.05,0.0261579716666571,-117.517281863797,1.69926463096204,0.000819503128996992,0.000766367518463061,5.31356105339309e-05
140,7,1.05,0.0261346705708275,-117.527954022359,1.69775095365899,0.000818096268175712,0.000765002791123896,5.30934770518164e-05
141,7,1.05,0.0261054163096682,-117.541422733203,1.69585056018795,0.000816334946239106,0.000763291118494666,5.30438277444404e-05
142,7,1.05,0.0260923380776677,-117.547453346675,1.69500123015074,0.00081554952712556,0.000762526640330273,5.30228867952871e-05
143,7,1.05,0.0261054623831648,-117.541459350992,1.69585355270552,0.0008163378219013,0.000763293812543282,5.30440093580176e-05
144,7,1.05,0.0261347791123774,-117.528015900983,1.69775800469562,0.000818102943923936,0.000765009145499836,5.30937984240999e-05
145,7,1.05,0.0261581560781616,-117.51731313232,1.69927661063505,0.000819514524318961,0.000766378324154503,5.31362001644578e-05
146,7,1.05,0.026158191923467,-117.517269401658,1.69927893920473,0.000819516784236124,0.000766380424538325,5.31363596977992e-05
147,7,1.05,0.0261348708793354,-117.527872585044,1.69776396602733,0.000818108707358196,0.000765014517857115,5.30941895010806e-05
148,7,1.05,0.0261055750201637,-117.54129890493,1.69586081971343,0.000816344916272697,0.000763300376772162,5.30445395005347e-05
149,7,1.05,0.0260924369377965,-117.54736532313,1.69500738186673,0.000815555735195665,0.000762532296904434,5.30234382912313e-05
150,7,1.05,0.0261054874157092,-117.541386877382,1.69585512878489,0.000816339418698583,0.000763295253851033,5.304416484755e-05
151,7,1.05,0.0261347176408971,-117.527970430269,1.6977540114077,0.000818099046572605,0.000765005546755872,5.30934998167334e-05
152,7,1.05,0.0261579956795797,-117.517340077761,1.69926619088076,0.000819504587204037,0.000766368925508876,5.31356616951608e-05
153,7,1.05,0.0261579410666941,-117.517351441241,1.69926264313839,0.00081950103900177,0.000766365725449117,5.31353135526528e-05
154,7,1.05,0.0261345482748622,-117.528009518194,1.69774300911301,0.000818088528419043,0.000764995631551272,5.3092896867771e-05
155,7,1.05,0.0261052120545756,-117.541450040805,1.69583729095076,0.000816322202464366,0.000763279173971149,5.30430284932173e-05
156,7,1.05,0.0260920558637721,-117.547470474449,1.69498289707155,0.000815531899396054,0.000762510145491881,5.30217539041732e-05
157,7,1.05,0.0261050968006721,-117.541464625285,1.69582980436074,0.000816314983820664,0.000763272434487966,5.30425493326978e-05
158,7,1.05,0.0261343204336104,-117.528035195996,1.69772820817258,0.000818074304529759,0.00076498229313037,5.30920113993893e-05
159,7,1.05,0.0261576048959952,-117.517375949194,1.69924080493985,0.000819480046880206,0.000766346027564993,5.31340193152127e-05
160,7,1.05,0.0261575576671355,-117.51738795903,1.69923773687586,0.0008194771108249,0.000766343260215571,5.31338506093288e-05
161,7,1.05,0.0261341814452879,-117.528062339631,1.69771917926378,0.000818065616105454,0.000764974156448703,5.30914596567507e-05
162,7,1.05,0.0261048685623802,-117.541508406673,1.69581497762783,0.000816300689044147,0.000763259087880867,5.30416011632799e-05
163,7,1.05,0.0260917451141631,-117.547532850858,1.69496271026545,0.000815512467189207,0.000762491983004434,5.30204841847735e-05
164,7,1.05,0.0261048306976305,-117.541560273078,1.69581251737959,0.000816298343569654,0.000763256873467532,5.3041470102122e-05
165,7,1.05,0.0261341184710189,-117.528137598757,1.69771508835224,0.000818061591529971,0.000764970469810929,5.30911217190419e-05
166,7,1.05,0.0261574845347468,-117.517452954318,1.69923298607626,0.000819472478128392,0.000766338975072782,5.31335030556098e-05
167,7,1.05,0.0261575328218578,-117.517408711585,1.69923612288598,0.000819475573212212,0.00076634180442201,5.31337687902016e-05
168,7,1.05,0.0261342602999976,-117.528011795456,1.69772430179472,0.000818070458251451,0.000764978772771292,5.30916854801591e-05
169,7,1.05,0.0261050347896555,-117.54139636643,1.69582572545667,0.000816311169190749,0.000763268785521366,5.3042383669383e-05
170,8,1.2,0.0556185475908972,-70.7026986614243,3.61307182460656,0.00370814022214792,0.003464720814245,0.00024341940790292
171,8,1.2,0.0556336828426937,-70.6987463237119,3.61405494495733,0.00371007716251926,0.00346660666523836,0.000243470497280897
172,8,1.2,0.0556699427837066,-70.689251735735,3.61641055298699,0.0037147271378198,0.0034711270442617,0.000243600093558104
173,8,1.2,0.0557059697082799,-70.6798748999045,3.61875092094326,0.0037193598678705,0.00347562119282543,0.000243738675045067
174,8,1.2,0.0557208291785985,-70.6760274079602,3.61971621644357,0.00372127428517441,0.00347747567192164,0.000243798613252767
175,8,1.2,0.0557059948352848,-70.6798935187353,3.61875255323461,0.00371936306021945,0.00347562432828726,0.000243738731932195
176,8,1.2,0.0556700018860766,-70.6893021919007,3.61641439237363,0.00371473457057556,0.00347113441455645,0.000243600156019106
177,8,1.2,0.0556337934788446,-70.6988123676677,3.61406231951901,0.00371009220134899,0.00346662063282405,0.000243471568524938
178,8,1.2,0.0556187443337491,-70.7027905162983,3.61308518173129,0.00370816633019197,0.00346474587894431,0.000243420451247661
179,8,1.2,0.0556338572119507,-70.6988393639873,3.6140664617491,0.00371010070309499,0.00346662857736981,0.000243472125725177
180,8,1.2,0.0556701541836958,-70.6893226241206,3.61642428587611,0.00371475518464737,0.0034711534066963,0.000243601777951071
181,8,1.2,0.0557062552336264,-70.6798722190534,3.61876946913685,0.00371939811755678,0.00347565682205848,0.000243741295498296
182,8,1.2,0.0557212095664341,-70.6759637521382,3.61974092705965,0.00372132581076968,0.00347752315125671,0.00024380265951297
183,8,1.2,0.0557064438364502,-70.6798231398188,3.61878172108482,0.00371942338411632,0.00347568035693076,0.00024374302718556
184,8,1.2,0.0556704901034486,-70.6892424529168,3.61644610777278,0.00371480021076338,0.00347119529745552,0.000243604913307864
185,8,1.2,0.0556343037258461,-70.6987777799095,3.61409546802289,0.00371016002043214,0.00346668422348602,0.00024347579694612
186,8,1.2,0.0556192583552574,-70.702741251038,3.61311857341458,0.00370823484046193,0.00346480992074008,0.000243424919721851
187,8,1.2,0.0556343728247813,-70.6988015037417,3.61409995477966,0.00371016914887472,0.00346669283293512,0.000243476315939596
188,8,1.2,0.0556706517376219,-70.6892930305089,3.61645660779309,0.00371482129687489,0.00347121545408053,0.000243605842794356
189,8,1.2,0.0557067348222795,-70.6798760616988,3.61880062400031,0.00371946191708018,0.00347571666786009,0.000243745249220094
190,8,1.2,0.055721660264947,-70.6759700640728,3.61977020517234,0.00372138577010648,0.00347757940706535,0.000243806363041132
191,8,1.2,0.0557068864302573,-70.6797969334021,3.61881047270254,0.00371948220984611,0.00347573558647356,0.000243746623372555
192,8,1.2,0.0556709150597622,-70.6891428992599,3.61647371363009,0.0037148568378928,0.0034712482918511,0.000243608546041702
193,8,1.2,0.0556346660511368,-70.6986506741165,3.6141188157844,0.00371020818771104,0.00346672919629819,0.000243478991412849
194,8,1.2,0.0556195096899944,-70.7026622163226,3.61313432413761,0.0037082683435327,0.00346484068194178,0.000243427661590921
195,8,1.2,0.055634472312414,-70.6987393296428,3.61410623020039,0.00371018238389315,0.00346670505169321,0.00024347733219994
196,8,1.2,0.0556705810234213,-70.68926130773,3.61645201408292,0.00371481213072874,0.00347120663564342,0.000243605495085322
197,8,1.2,0.0557064708327634,-70.6798673125765,3.61878347480947,0.00371942691714523,0.00347568372568207,0.000243743191463159
198,8,1.2,0.0557212196372741,-70.6760299903943,3.61974158127789,0.00372132623978575,0.0034775244082855,0.000243801831500253
199,8,1.2,0.055706266977281,-70.679881808723,3.61877023202387,0.0037193995033478,0.00347565828749239,0.00024374121585541
200,8,1.2,0.0556701682103843,-70.6892799924017,3.61642519707275,0.00371475692946971,0.00347115515588469,0.000243601773585018
201,8,1.2,0.0556338417224084,-70.6987859649521,3.61406545349989,0.00371009869824429,0.0034666266450765,0.000243472053167789
202,8,1.2,0.0556186634917611,-70.7027640826139,3.6130799301027,0.00370815552340823,0.00346473580691754,0.000243419716490687
203,8,1.2,0.0556336267230365,-70.698809604585,3.61405148881184,0.00371006983115274,0.00346659985321366,0.00024346997793908
204,8,1.2,0.0556697422121353,-70.6893060510074,3.6163975235296,0.003714700418143,0.0034711020322672,0.000243598385875802
205,8,1.2,0.0557056432074223,-70.6798969865909,3.61872971091343,0.00371931656429189,0.00347558045069383,0.000243736113598055
206,8,1.2,0.0557204008149426,-70.6760501325991,3.61968838923973,0.00372121776342568,0.00347742220471779,0.00024379555870789
207,8,1.2,0.0557054705369874,-70.6799344556243,3.61871849395951,0.00371929331759747,0.00347555890425712,0.000243734413340351
208,8,1.2,0.055669400121962,-70.6893387621761,3.61637530079233,0.00371465476612757,0.00347105937260326,0.000243595393524315
209,8,1.2,0.0556331258044928,-70.6988444453931,3.614018948323,0.00371000303031273,0.00346653742779093,0.000243465602521799
210,8,1.2,0.0556179988429456,-70.7028076910335,3.6130367534216,0.0037080670019022,0.00346465299950556,0.000243414002396641
211,8,1.2,0.0556330333240062,-70.698887221654,3.614012938616,0.00370999069956033,0.00346652590081748,0.000243464798742853
212,8,1.2,0.0556692461584505,-70.6893991953855,3.61636529907075,0.00371463379380236,0.00347104017298014,0.000243593620822217
213,8,1.2,0.055705290127744,-70.6799959126818,3.61870677427993,0.00371926893943261,0.00347553639221545,0.000243732547217162
214,8,1.2,0.0557202199094565,-70.6761010242035,3.61967663732342,0.00372119296360421,0.00347739962470315,0.00024379333890106
215,8,1.2,0.0557054908648848,-70.679937694884,3.61871981449298,0.00371929561292919,0.00347556144084166,0.000243734172087528
216,8,1.2,0.0556696228383619,-70.6892840638053,3.616389768814,0.00371468427730862,0.00347108714597217,0.00024359713133645
217,8,1.2,0.0556335244493692,-70.6987433694461,3.61404465546816,0.0037100560519258,0.00346658692588103,0.000243469126044771
218,9,1.35,0.119539750104668,-23.8900507153168,7.76549769333379,0.0171384399451137,0.0160049250637844,0.0011335148813293
219,9,1.35,0.119551859698407,-23.8850633974228,7.7662841561123,0.0171417271202237,0.0160081674794741,0.00113355964074956
220,9,1.35,0.119582028292226,-23.8724344563724,7.76824418059515,0.0171499340842032,0.0160162481962905,0.00113368588791272
221,9,1.35,0.119615828312907,-23.8580993446893,7.77043988523165,0.0171591569599346,0.0160253035039248,0.00113385345600982
222,9,1.35,0.119637602524333,-23.8487685470691,7.77185437362604,0.01716511599231,0.016031138352222,0.00113397764008803
223,9,1.35,0.119637630410543,-23.8487722384589,7.77185618515985,0.0171651220558448,0.016031145825587,0.00113397623025776
224,9,1.35,0.119615895011593,-23.8581183567898,7.77044421808741,0.0171591764235291,0.0160253213755894,0.00113385504793966
225,9,1.35,0.119582154662697,-23.8724636515613,7.76825238982766,0.0171499699749972,0.0160162820472282,0.00113368792776904
226,9,1.35,0.119552053370866,-23.8851096499805,7.76629730012074,0.0171417829325,0.0160082205054836,0.0011335624270164
227,9,1.35,0.119540066649519,-23.8901303052091,7.76551949542076,0.0171385297621266,0.0160050123801852,0.00113351738194141
228,9,1.35,0.119552148454069,-23.8851338166404,7.76630348076628,0.0171418098981722,0.0160082459771022,0.00113356392107005
229,9,1.35,0.119582402839325,-23.8724941224512,7.7682685117874,0.0171500415428155,0.0160163485265621,0.00113369301625342
230,9,1.35,0.119616375329659,-23.8581165074541,7.7704754203347,0.0171593151114402,0.0160254500753215,0.00113386503611872
231,9,1.35,0.119638381423701,-23.8487315017924,7.77190497220313,0.0171653385809438,0.0160313470940207,0.00113399148692312
232,9,1.35,0.119638587488914,-23.8487016319111,7.77191835853648,0.0171653981701916,0.01603140231887,0.00113399585132158
233,9,1.35,0.119616948808989,-23.8580475106984,7.77051267449011,0.0171594796267937,0.0160256037380014,0.00113387588879229
234,9,1.35,0.119583240175909,-23.8724234470007,7.76832290654172,0.0171502816273246,0.0160165728258102,0.00113370880151436
235,9,1.35,0.119553148264426,-23.8850873634857,7.76636843008547,0.017142096504099,0.0160085137310028,0.0011335827730962
236,9,1.35,0.119541172901855,-23.8900823271849,7.76559135939339,0.0171388471986842,0.0160053086099723,0.00113353858871187
237,9,1.35,0.119553268386706,-23.8850997635779,7.76637622954075,0.017142130631007,0.0160085458924555,0.00113358473855153
238,9,1.35,0.119583493455969,-23.8724497827986,7.76833936002876,0.0171503529812628,0.0160166406728232,0.00113371230843958
239,9,1.35,0.119617392580484,-23.8580979287021,7.77054150261243,0.0171596057823444,0.0160257226462231,0.00113388313612132
240,9,1.35,0.119639313221761,-23.8487251412223,7.77196550332943,0.0171656045081688,0.0160315968138198,0.001134007694349
241,9,1.35,0.11963949457023,-23.8487066198736,7.77197728402267,0.0171656564492866,0.0160316454150307,0.00113401103425585
242,9,1.35,0.119617870468305,-23.8580009010033,7.77057254698705,0.0171597436458512,0.0160258506963805,0.00113389294947072
243,9,1.35,0.119584178907045,-23.8723175721505,7.7683838880519,0.0171505515614263,0.0160168242877138,0.00113372727371247
244,9,1.35,0.119553990224395,-23.8849823861169,7.76642255856181,0.0171423382106228,0.0160087380456004,0.00113360016502241
245,9,1.35,0.119541798087936,-23.8900200579648,7.76563073367668,0.0171390262112082,0.0160054734688043,0.00113355274240394
246,9,1.35,0.119553569386632,-23.8850559442528,7.7663952202531,0.0171422166081985,0.0160086253422162,0.00113359126598233
247,9,1.35,0.119583443915757,-23.8724270732164,7.76833614181551,0.0171503407695187,0.0160166274023025,0.0011337133672162
248,9,1.35,0.119616985447394,-23.8580875305678,7.77051505458085,0.0171594887006177,0.0160256135552164,0.00113387514540125
249,9,1.35,0.119638526325437,-23.8487711255331,7.77191438525695,0.0171653794338973,0.0160313859272345,0.00113399350666276
250,9,1.35,0.119638341259289,-23.8487636669654,7.77190236305726,0.0171653259030706,0.0160313363300917,0.00113398957297887
251,9,1.35,0.119616409739779,-23.8581037887545,7.77047765567241,0.0171593239359533,0.0160254592954261,0.00113386464052725
252,9,1.35,0.119582470734789,-23.8724437093492,7.76827292238784,0.0171500603533939,0.0160163667138155,0.00113369363957841
253,9,1.35,0.119552137289804,-23.8850889209476,7.76630275163239,0.0171418072165894,0.0160082429792644,0.001133564237325
254,9,1.35,0.119539896719803,-23.89011196557,7.76550845650666,0.0171384813882718,0.0160049668770269,0.00113351451124486
255,9,1.35,0.119551709076086,-23.8851104824786,7.76627493805244,0.0171416848831902,0.0160081283103266,0.00113355657286359
256,9,1.35,0.119581636690512,-23.8724756158426,7.7682187415072,0.0171498222141032,0.0160161432979196,0.00113367891618357
257,9,1.35,0.119615226300107,-23.8581214640288,7.77040077749534,0.0171589848815419,0.0160251421972868,0.00113384268425509
258,9,1.35,0.119636805700549,-23.8487877310289,7.77180261064945,0.0171648860434356,0.0160309248081601,0.00113396123527547
259,9,1.35,0.119636625152107,-23.8488057330631,7.77179088192737,0.0171648345518579,0.0160308764224433,0.00113395812941461
260,9,1.35,0.119614711672081,-23.858161456483,7.77036734641684,0.0171588371031632,0.0160250043056517,0.00113383279751147
261,9,1.35,0.119580837830256,-23.8725040379341,7.76816684623813,0.0171495917183267,0.0160159293082478,0.0011336624100789
262,9,1.35,0.119550619224552,-23.8851412487283,7.76620413951082,0.0171413712944436,0.0160078364466,0.00113353484784357
263,9,1.35,0.119538491060712,-23.8901432202806,7.7654171425784,0.0171380787434775,0.0160045904772554,0.00113348826622212
264,9,1.35,0.119550403193974,-23.8851866187035,7.76619010192556,0.0171413091345413,0.016007778585625,0.00113353054891634
265,9,1.35,0.119580479881964,-23.8725525377097,7.76814359333153,0.0171494885534395,0.0160158334255619,0.00113365512787761
266,9,1.35,0.119614296175339,-23.8582124038386,7.7703403550688,0.0171587169480513,0.0160248929761101,0.00113382397194116
267,9,1.35,0.119636187183146,-23.8488447510172,7.77176243074715,0.0171647075987839,0.0160307590501346,0.00113394854864931
268,9,1.35,0.11963639425881,-23.8488403368144,7.77177588272106,0.0171647670879203,0.0160308145447643,0.00113395254315602
269,9,1.35,0.119614888646447,-23.8581419836091,7.77037884296119,0.0171588878239621,0.0160250517248536,0.00113383609910851
270,9,1.35,0.119581427274888,-23.8724453147526,7.76820513752569,0.0171497624267791,0.0160160872018869,0.0011336752248922
271,9,1.35,0.119551575719084,-23.8850564162883,7.76626570835141,0.0171416459288658,0.0160080914290775,0.00113355449978828
272,10,1.5,0.258496913281841,22.9341211325507,16.7923823293982,0.0801964963723413,0.0748410172206544,0.00535547915168687
273,10,1.5,0.2585092242126,22.934710089469,16.7931818600038,0.0801997637213654,0.0748481450808741,0.00535161864049126
274,10,1.5,0.258540802210442,22.9362391021042,16.7952334552285,0.0802080193495767,0.0748664332901108,0.0053415860594659
275,10,1.5,0.258579226266427,22.9381252926084,16.7977295447627,0.0802180229803235,0.0748886880813352,0.00532933489898835
276,10,1.5,0.258609836016707,22.9396270790574,16.799718004215,0.0802259724566221,0.0749064192792581,0.00531955317736402
277,10,1.5,0.258621444972823,22.9401946030717,16.8004721409952,0.0802289915227523,0.0749131445056871,0.00531584701706517
278,10,1.5,0.258609928579863,22.9396240595074,16.799724017269,0.0802260283987027,0.0749064729011611,0.00531955549754159
279,10,1.5,0.258579423794837,22.9381222197942,16.7977423765313,0.0802181510151225,0.074888802496165,0.00532934851895749
280,10,1.5,0.258541093083535,22.936236045559,16.7952523508204,0.0802081989206899,0.0748666017481885,0.00534159717250135
281,10,1.5,0.258509561689016,22.9346740495612,16.7932044671005,0.0801999661313645,0.0748483435542101,0.00535162257715437
282,10,1.5,0.258497409512185,22.9340534236074,16.792415904761,0.0801967900667925,0.0748413105315851,0.00535547953520742
283,10,1.5,0.258509697180331,22.9346431393831,16.7932132727111,0.0802000437059216,0.0748484220312629,0.0053516216746587
284,10,1.5,0.258541478579488,22.9361876362501,16.7952773932681,0.0802084330326907,0.0748668250070377,0.00534160802565299
285,10,1.5,0.258580286028334,22.9380965149989,16.7977983886298,0.0802186800873139,0.0748893019306586,0.00532937815665531
286,10,1.5,0.258611377652864,22.9396297797068,16.7998181514217,0.0802269290226162,0.0749073123527026,0.00531961666991357
287,10,1.5,0.258623453909272,22.9402281945801,16.8006026447934,0.080230238573872,0.0749143083405813,0.00531593023329074
288,10,1.5,0.258612237068985,22.9396781640836,16.7998739804988,0.0802274630095934,0.0749078102167902,0.00531965279280319
289,10,1.5,0.258581826169805,22.9381666173925,16.7978984387392,0.0802196407317975,0.0748901940362777,0.00532944669551981
290,10,1.5,0.25854343440427,22.936253260026,16.7954044468455,0.0802096520182803,0.0748679577223481,0.00534169429593219
291,10,1.5,0.258511902118512,22.9346859452028,16.7933565091062,0.0802014233797325,0.0748496988641954,0.00535172451553707
292,10,1.5,0.258499832336613,22.9340945332799,16.7925732954117,0.0801982975147617,0.0748427134717966,0.00535558404296504
293,10,1.5,0.25851213279779,22.9346921715083,16.7933714905369,0.0802015678804568,0.0748498324290393,0.00535173545141747
294,10,1.5,0.258543861059398,22.9362463631984,16.7954321630606,0.0802099172023673,0.0748682048206702,0.00534171238169708
295,10,1.5,0.258582492907544,22.938143372524,16.7979417511135,0.0802200547163537,0.0748905802365285,0.00532947447982524
296,10,1.5,0.258613359622479,22.9396537811675,16.79994690341,0.0802281571886992,0.0749084605201748,0.00531969666852442
297,10,1.5,0.25862526276751,22.9402279010265,16.8007201511836,0.0802313563979044,0.074915356272125,0.00531600012577936
298,10,1.5,0.258614056629603,22.9396815290422,16.7999921821331,0.0802285902593669,0.0749088643028802,0.00531972595648668
299,10,1.5,0.258583840944989,22.9382150879203,16.7980293218311,0.0802208865602879,0.0748913610749248,0.00532952548536313
300,10,1.5,0.258545586751177,22.9363426698815,16.7955442668216,0.0802109889268048,0.0748692042632887,0.00534178466351608
301,10,1.5,0.258513868230638,22.9347795583874,16.7934835430085,0.0802026455737418,0.0748508343408739,0.00535181123286793
302,10,1.5,0.258501276091792,22.9341497297413,16.7926657446692,0.0801991998300166,0.0748435435168949,0.00535565631312167
303,10,1.5,0.258512923240865,22.9347220884662,16.7934221549278,0.0802020561977826,0.074850287111867,0.00535176908591564
304,10,1.5,0.258543962517198,22.9362602559086,16.7954387539252,0.0802099812998407,0.0748682635802541,0.00534171771958659
305,10,1.5,0.258581879579915,22.938142102061,16.7979019083474,0.0802196681874294,0.07489022497344,0.00532944321398944
306,10,1.5,0.258611971111094,22.9396273288198,16.7998567034391,0.0802272948699677,0.0749076561458674,0.00531963872410028
307,10,1.5,0.258623161252444,22.9401954392793,16.8005836333271,0.080230049827268,0.0749141387954676,0.00531591103180037
308,10,1.5,0.25861129424004,22.9396348753343,16.7998127327882,0.0802268730750459,0.0749072640313218,0.00531960904372408
309,10,1.5,0.258580440376647,22.9381425607991,16.7978084153487,0.0802187826841839,0.0748893913345417,0.00532939134964219
310,10,1.5,0.258541700235755,22.9362590457802,16.7952917924219,0.0802085772182561,0.0748669533787652,0.00534162383949094
311,10,1.5,0.258509702232721,22.9346879518661,16.7932135970496,0.0802000521665914,0.0748484249397202,0.00535162722687116
312,10,1.5,0.258497033503686,22.9340576174752,16.7923914786319,0.0801965559438295,0.0748410928044644,0.00535546313936511
313,10,1.5,0.258508835151804,22.9346575983526,16.7931572739263,0.0801995124049247,0.0748479228517882,0.0053515895531365
314,10,1.5,0.258540051971674,22.9362112320314,16.7951847184908,0.0802075514632646,0.0748659987929739,0.00534155267029074
315,10,1.5,0.258578135237903,22.9381016832164,16.7976586697649,0.0802173497378775,0.0748880561239761,0.00532929361390141
316,10,1.5,0.258608346886522,22.9396000342649,16.7996212678821,0.0802250490556105,0.0749055566277011,0.00531949242790943
317,10,1.5,0.258619519320217,22.9401550866452,16.8003470474518,0.0802277978947647,0.0749120289280139,0.00531576896675078
318,10,1.5,0.258607576900384,22.9395706781204,16.799571248323,0.0802245714304722,0.0749051105774856,0.00531946085298657
319,10,1.5,0.258576751993894,22.9380664267913,16.7975688119713,0.0802164906853252,0.0748872549102324,0.0053292357750928
320,10,1.5,0.258538193051687,22.9361888808025,16.7950639600074,0.0802064004631996,0.074864922213928,0.00534147824927159
321,10,1.5,0.258506483406159,22.9346494758328,16.7930045006779,0.0801980614583318,0.0748465610223111,0.00535150043602074
322,10,1.5,0.258494075246553,22.934039777647,16.7921993053941,0.0801947229099488,0.0748393798414426,0.00535534306850621
323,10,1.5,0.258505952419697,22.9346068743193,16.792970003055,0.0801977325132245,0.0748462535275024,0.00535147898572211
324,10,1.5,0.258537358618098,22.9361420311233,16.7950097538365,0.0802058804196773,0.0748644389607257,0.00534144145895163
325,10,1.5,0.258575799292047,22.9380397992598,16.7975069229008,0.0802159022163402,0.074886703081082,0.00532919913525819
326,10,1.5,0.258606600494074,22.9395543348612,16.7995078193718,0.0802239650959986,0.074904544950713,0.00531942014528564
327,10,1.5,0.258618496018536,22.9401223900269,16.8002805721005,0.0802271605858666,0.0749114361076908,0.0053157244781758
328,10,1.5,0.258607383977575,22.9395646388523,16.7995587157417,0.0802244502280105,0.0749049988182004,0.00531945140981011
329,10,1.5,0.258577417818043,22.9380886275113,16.7976120649973,0.0802169021623258,0.0748876405737277,0.00532926158859813
330,10,1.5,0.25853967966138,22.9362329857288,16.795160532605,0.0802073256646896,0.0748657831717439,0.00534154249294573
331,10,1.5,0.258508709277803,22.9347111942494,16.7931484089975,0.0801994450492481,0.0748478468951817,0.0053515981540664
