strand,Re,Im
0,0.0413223140496,-4.74986037252e-15
1,0.0413223140496,-2.14398739522e-16
2,0.0413223140496,-2.29360729502e-16
3,0.0413223140496,1.0935014462e-15
4,0.0413223140496,4.77133205571e-15
5,0.0413223140496,1.72510342178e-15
6,0.0413223140496,-5.39127437776e-15
7,0.0413223140496,-4.5091744345e-16
8,0.0413223140496,-1.84596037879e-15
9,0.0413223140496,4.29725771152e-16
10,0.0413223140496,8.70128693615e-16
11,0.0413223140496,-7.21734188677e-15
12,0.0413223140496,-5.53647615371e-15
13,0.0413223140496,-3.67826205029e-15
14,0.0413223140496,-1.79841811352e-15
15,0.0413223140496,2.70882715793e-15
16,0.0413223140496,-4.45671921013e-15
17,0.0413223140496,2.45248771503e-16
18,0.0413223140496,1.59345417299e-15
19,0.0413223140496,-2.4702439897e-15
20,0.0413223140496,8.82217547839e-16
21,0.0413223140496,6.71256894049e-15
22,0.0413223140496,1.59643572896e-15
23,0.0413223140496,-2.51198577334e-15
24,0.0413223140496,-3.24365960945e-15
25,0.0413223140496,1.33102303714e-15
26,0.0413223140496,1.27423100408e-16
27,0.0413223140496,1.22357860185e-15
28,0.0413223140496,2.15994980811e-15
29,0.0413223140496,4.82711425748e-15
30,0.0413223140496,6.28262856899e-15
31,0.0413223140496,5.59323861761e-15
32,0.0413223140496,-2.7392345487e-15
33,0.0413223140496,2.4736296574e-16
34,0.0413223140496,3.66628609646e-15
35,0.0413223140496,4.54898929518e-15
36,0.0413223140496,-3.06476625099e-15
37,0.0413223140496,1.04213736828e-15
38,0.0413223140496,3.00934089509e-15
39,0.0413223140496,1.48158466957e-16
40,0.0413223140496,4.22432495463e-15
41,0.0413223140496,6.08510709395e-16
42,0.0413223140496,5.16904451763e-15
43,0.0413223140496,1.46286202131e-15
44,0.0413223140496,-1.25572071609e-15
45,0.0413223140496,-3.22154188513e-15
46,0.0413223140496,3.7091256348e-15
47,0.0413223140496,-8.33207129468e-16
48,0.0413223140496,1.7000583516e-15
49,0.0413223140496,3.70365702208e-16
50,0.0413223140496,-7.82815428569e-15
51,0.0413223140496,-3.91232113854e-16
52,0.0413223140496,-4.23009385103e-15
53,0.0413223140496,-3.52113405044e-15
54,0.0413223140496,3.79418790348e-16
55,0.0413223140496,-3.21557877318e-15
56,0.0413223140496,1.52260156102e-15
57,0.0413223140496,-7.66275924428e-15
58,0.0413223140496,1.75150374468e-15
59,0.0413223140496,-7.19420111466e-16
60,0.0413223140496,3.16630626461e-15
61,0.0413223140496,-2.45712514342e-15
62,0.0413223140496,4.71010173802e-15
63,0.0413223140496,6.54480881508e-16
64,0.0413223140496,5.4699648306e-15
65,0.0413223140496,2.31496361372e-15
66,0.0413223140496,2.38950251308e-15
67,0.0413223140496,2.33781317451e-15
68,0.0413223140496,1.72705498569e-15
69,0.0413223140496,-7.69300848489e-15
70,0.0413223140496,1.41556370154e-15
71,0.0413223140496,-6.8963096235e-15
72,0.0413223140496,-2.88121082318e-15
73,0.0413223140496,-1.39457990933e-15
74,0.0413223140496,7.35176033128e-15
75,0.0413223140496,7.30646084125e-16
76,0.0413223140496,2.56541431557e-15
77,0.0413223140496,-3.21192653512e-16
78,0.0413223140496,1.89990391704e-15
79,0.0413223140496,1.1384145212e-15
80,0.0413223140496,-4.27728375059e-15
81,0.0413223140496,-7.5038694159e-15
82,0.0413223140496,1.89475395672e-15
83,0.0413223140496,-4.24625540767e-16
84,0.0413223140496,4.73608854083e-16
85,0.0413223140496,-3.39244619684e-16
86,0.0413223140496,1.01042445473e-15
87,0.0413223140496,-1.25577492619e-15
88,0.0413223140496,6.42715271858e-15
89,0.0413223140496,1.0850175642e-15
90,0.0413223140496,1.18869439695e-15
91,0.0413223140496,-3.87537000525e-15
92,0.0413223140496,-8.21375078834e-15
93,0.0413223140496,5.57000958607e-15
94,0.0413223140496,-3.23558230326e-15
95,0.0413223140496,3.62801375977e-15
96,0.0413223140496,-1.07961035228e-14
97,0.0413223140496,6.21846396116e-16
98,0.0413223140496,-4.84860408538e-15
99,0.0413223140496,-2.80054618155e-15
100,0.0413223140496,-1.44984711507e-15
101,0.0413223140496,-1.00554106478e-15
102,0.0413223140496,1.75050085767e-15
103,0.0413223140496,2.11926512159e-15
104,0.0413223140496,5.2977393155e-15
105,0.0413223140496,1.28413129318e-15
106,0.0413223140496,4.76116766034e-15
107,0.0413223140496,-2.87974715025e-15
108,0.0413223140496,-6.7061676675e-15
109,0.0413223140496,-4.88026278881e-15
110,0.0413223140496,7.14952257678e-16
111,0.0413223140496,1.51170532918e-15
112,0.0413223140496,-2.09576055933e-15
113,0.0413223140496,3.07767273701e-15
114,0.0413223140496,-1.5830142469e-15
115,0.0413223140496,-1.10837764084e-15
116,0.0413223140496,3.78451834337e-15
117,0.0413223140496,5.79836966865e-15
118,0.0413223140496,-3.4652705335e-15
119,0.0413223140496,-4.39204655054e-15
120,0.0413223140496,3.11388508957e-15
121,0.0413223140496,-5.61993956021e-16
122,0.0413223140496,-2.52277358496e-15
123,0.0413223140496,6.61255129008e-15
124,0.0413223140496,1.452724731e-15
125,0.0413223140496,-1.15342624111e-15
126,0.0413223140496,6.62829238236e-16
127,0.0413223140496,2.1190211761e-15
128,0.0413223140496,-3.37002337265e-15
129,0.0413223140496,-2.16655896119e-15
130,0.0413223140496,5.63698617527e-15
131,0.0413223140496,-3.40525994326e-15
132,0.0413223140496,2.62832514663e-15
133,0.0413223140496,-7.59656870165e-15
134,0.0413223140496,4.59468841675e-15
135,0.0413223140496,-2.02225165203e-15
136,0.0413223140496,-3.78893198704e-15
137,0.0413223140496,-3.43209394702e-15
138,0.0413223140496,-4.96708027777e-15
139,0.0413223140496,1.09596800614e-15
140,0.0413223140496,3.86317721098e-15
141,0.0413223140496,1.42198759941e-15
142,0.0413223140496,-6.75943604349e-16
143,0.0413223140496,2.69939459903e-15
144,0.0413223140496,5.75559789294e-15
145,0.0413223140496,1.28901020296e-15
146,0.0413223140496,2.31425193804e-16
147,0.0413223140496,-3.32589634423e-15
148,0.0413223140496,6.90659184745e-17
149,0.0413223140496,9.0227528803e-16
150,0.0413223140496,1.03986394865e-14
151,0.0413223140496,2.87785427662e-15
152,0.0413223140496,5.4410166326e-15
153,0.0413223140496,1.81826349345e-15
154,0.0413223140496,-5.1535901565e-15
155,0.0413223140496,-3.89868035195e-15
156,0.0413223140496,1.60084690855e-16
157,0.0413223140496,1.24667210812e-15
158,0.0413223140496,3.22168189057e-15
159,0.0413223140496,5.65319499775e-15
160,0.0413223140496,7.75315213632e-16
161,0.0413223140496,-3.30052601339e-15
162,0.0413223140496,1.56493965585e-15
163,0.0413223140496,-2.56649403757e-15
164,0.0413223140496,8.01336065771e-16
165,0.0413223140496,-1.04036223363e-14
166,0.0413223140496,5.09764980457e-15
167,0.0413223140496,6.13257498832e-15
168,0.0413223140496,8.5286075794e-15
169,0.0413223140496,3.38992296269e-15
170,0.0413223140496,2.68667538429e-16
171,0.0413223140496,5.51729025543e-15
172,0.0413223140496,7.29505655766e-15
173,0.0413223140496,-2.32604510076e-15
174,0.0413223140496,-2.24304942446e-15
175,0.0413223140496,-1.11168445747e-15
176,0.0413223140496,-2.15994532794e-15
177,0.0413223140496,1.28060763612e-15
178,0.0413223140496,-2.04680883124e-15
179,0.0413223140496,-3.88783833023e-15
180,0.0413223140496,1.63481648587e-15
181,0.0413223140496,2.33185006256e-15
182,0.0413223140496,3.73724712864e-15
183,0.0413223140496,-6.52385907219e-15
184,0.0413223140496,-8.41176015436e-16
185,0.0413223140496,1.53544935676e-15
186,0.0413223140496,-2.16926946662e-15
187,0.0413223140496,3.78256677945e-15
188,0.0413223140496,1.91979902691e-15
189,0.0413223140496,-2.49859587651e-15
190,0.0413223140496,-1.83652781989e-15
191,0.0413223140496,6.61257145086e-16
192,0.0413223140496,4.70733702248e-15
193,0.0413223140496,2.38063916032e-15
194,0.0413223140496,3.12358869902e-15
195,0.0413223140496,1.97547280846e-15
196,0.0413223140496,-2.03054579865e-15
197,0.0413223140496,1.85642740993e-15
198,0.0413223140496,-1.4411533369e-16
199,0.0413223140496,-7.85276567501e-15
200,0.0413223140496,-3.5822017378e-15
201,0.0413223140496,-4.25890652376e-15
202,0.0413223140496,-5.95730922696e-15
203,0.0413223140496,-6.49957294353e-15
204,0.0413223140496,-2.99727466575e-15
205,0.0413223140496,-4.07806160139e-15
206,0.0413223140496,1.00446134279e-15
207,0.0413223140496,6.23362263079e-15
208,0.0413223140496,-1.79704270002e-16
209,0.0413223140496,-1.07455053306e-15
210,0.0413223140496,3.12646183477e-15
211,0.0413223140496,-2.85584049235e-15
212,0.0413223140496,5.33335535687e-15
213,0.0413223140496,1.96089028924e-15
214,0.0413223140496,-3.54423450098e-16
215,0.0413223140496,-1.88894899493e-15
216,0.0413223140496,1.85671862126e-16
217,0.0413223140496,2.86110335306e-15
218,0.0413223140496,-1.31573130633e-15
219,0.0413223140496,1.22146440761e-15
220,0.0413223140496,3.3579389986e-15
221,0.0413223140496,-1.03427242236e-15
222,0.0413223140496,-5.75651498462e-15
223,0.0413223140496,-1.39574542666e-15
224,0.0413223140496,3.14895902985e-15
225,0.0413223140496,2.51302024558e-15
226,0.0413223140496,-1.40252169024e-15
227,0.0413223140496,6.640957387e-15
228,0.0413223140496,-2.26543819932e-15
229,0.0413223140496,-5.78907509912e-16
230,0.0413223140496,2.94334008784e-15
231,0.0413223140496,4.29745439117e-15
232,0.0413223140496,2.16911131647e-15
233,0.0413223140496,-2.71500263014e-15
234,0.0413223140496,2.84435242949e-15
235,0.0413223140496,2.93065492242e-15
236,0.0413223140496,3.29874155998e-15
237,0.0413223140496,2.73438027988e-16
238,0.0413223140496,4.88866983582e-15
239,0.0413223140496,5.36701983432e-15
240,0.0413223140496,1.50395328365e-15
241,0.0413223140496,-1.54672057918e-15
242,0.0413223140496,-3.07951140053e-15
243,0.0413223140496,-1.09954139314e-15
244,0.0413223140496,6.05776503842e-15
245,0.0413223140496,-1.98500930741e-15
246,0.0413223140496,6.17130116666e-16
247,0.0413223140496,2.59146720095e-17
248,0.0413223140496,6.79887143342e-15
249,0.0413223140496,-4.20105940967e-17
250,0.0413223140496,-8.98136592646e-15
251,0.0413223140496,7.14646664992e-15
252,0.0413223140496,4.66765522296e-15
253,0.0413223140496,2.58202971386e-15
254,0.0413223140496,-1.49478729512e-15
255,0.0413223140496,2.19607390124e-16
256,0.0413223140496,-5.75347921853e-15
257,0.0413223140496,4.21391661378e-15
258,0.0413223140496,-4.49569627823e-15
259,0.0413223140496,7.20425462571e-15
260,0.0413223140496,-4.70337520437e-15
261,0.0413223140496,3.005302242e-15
262,0.0413223140496,-3.37347265882e-16
263,0.0413223140496,-2.32775966346e-16
264,0.0413223140496,9.42201033031e-16
265,0.0413223140496,6.82507507667e-16
266,0.0413223140496,-4.92325140495e-15
267,0.0413223140496,1.27372295232e-15
268,0.0413223140496,-7.46781969367e-15
269,0.0413223140496,3.850708886e-15
270,0.0413223140496,2.86502664166e-16
271,0.0413223140496,1.8455853882e-15
272,0.0413223140496,1.55686234967e-15
273,0.0413223140496,-6.26451791253e-15
274,0.0413223140496,4.92916478697e-15
275,0.0413223140496,-1.37040914515e-16
276,0.0413223140496,-7.82412257687e-16
277,0.0413223140496,6.51638255738e-15
278,0.0413223140496,-2.14698911198e-15
279,0.0413223140496,-5.44556580155e-15
280,0.0413223140496,-2.4450904993e-15
281,0.0413223140496,-2.81133399317e-15
282,0.0413223140496,2.6979309261e-15
283,0.0413223140496,-8.23828780676e-16
284,0.0413223140496,-3.350236683e-15
285,0.0413223140496,5.20352214671e-15
286,0.0413223140496,-1.79467761603e-15
287,0.0413223140496,-3.34096675443e-15
288,0.0413223140496,2.25465486788e-15
289,0.0413223140496,-6.27259521872e-15
290,0.0413223140496,-4.45368344405e-15
291,0.0413223140496,1.15198720914e-16
292,0.0413223140496,-1.56482675546e-15
293,0.0413223140496,2.22283353412e-15
294,0.0413223140496,7.06883777437e-15
295,0.0413223140496,2.76656092362e-15
296,0.0413223140496,-3.81573888576e-15
297,0.0413223140496,-9.94048521756e-16
298,0.0413223140496,4.72679845147e-15
299,0.0413223140496,-3.87553263557e-15
300,0.0413223140496,-1.18421758281e-15
301,0.0413223140496,-3.14326248827e-15
302,0.0413223140496,-6.18914570076e-16
303,0.0413223140496,2.24052619031e-16
304,0.0413223140496,4.84443438719e-15
305,0.0413223140496,-1.67563221749e-15
306,0.0413223140496,4.76620920044e-15
307,0.0413223140496,1.84750290279e-16
308,0.0413223140496,3.46738920791e-15
309,0.0413223140496,3.84785591102e-16
310,0.0413223140496,1.5249868058e-15
311,0.0413223140496,1.41515712572e-15
312,0.0413223140496,1.5124100606e-15
313,0.0413223140496,3.65468513321e-15
314,0.0413223140496,-4.62843667347e-16
315,0.0413223140496,-1.43004026464e-16
316,0.0413223140496,-1.31041871569e-15
317,0.0413223140496,1.94755460252e-15
318,0.0413223140496,-5.23071098028e-16
319,0.0413223140496,1.11629679688e-15
320,0.0413223140496,-3.68785723951e-15
321,0.0413223140496,-3.3181442987e-15
322,0.0413223140496,-3.25938054095e-15
323,0.0413223140496,-3.72808114011e-15
324,0.0413223140496,-2.5662841414e-16
325,0.0413223140496,-5.06916485659e-16
326,0.0413223140496,-4.0272125195e-15
327,0.0413223140496,1.52634205851e-15
328,0.0413223140496,1.06741943968e-16
329,0.0413223140496,-5.28841069665e-15
330,0.0413223140496,-3.12317764303e-15
331,0.0413223140496,-5.17906890755e-15
332,0.0413223140496,-2.81957392968e-15
333,0.0413223140496,-1.43575248683e-15
334,0.0413223140496,-2.59129516226e-15
335,0.0413223140496,1.35547672432e-17
336,0.0413223140496,-4.89007481847e-15
337,0.0413223140496,-8.79285721799e-16
338,0.0413223140496,-3.54224888775e-15
339,0.0413223140496,-1.54471480516e-15
340,0.0413223140496,-2.84022798106e-15
341,0.0413223140496,-7.73555849197e-17
342,0.0413223140496,-3.80327056077e-15
343,0.0413223140496,-5.03508685904e-15
344,0.0413223140496,-5.16269745475e-15
345,0.0413223140496,-5.52920707096e-17
346,0.0413223140496,1.8078551526e-15
347,0.0413223140496,-2.61127853156e-16
348,0.0413223140496,-2.34114261602e-15
349,0.0413223140496,-1.33085592664e-15
350,0.0413223140496,2.53177694317e-15
351,0.0413223140496,-1.30318861046e-16
352,0.0413223140496,4.49424201366e-17
353,0.0413223140496,1.91080014888e-15
354,0.0413223140496,-2.07648886571e-15
355,0.0413223140496,5.86338774967e-16
356,0.0413223140496,-2.49127751185e-15
357,0.0413223140496,-3.53772928795e-16
358,0.0413223140496,4.20215302021e-15
359,0.0413223140496,5.13934230629e-17
360,0.0413223140496,-2.95791812689e-15
361,0.0413223140496,2.42863526724e-16
362,0.0413223140496,2.03813969403e-15
363,0.0413223140496,4.26238045089e-15
364,0.0413223140496,9.60659575018e-16
365,0.0413223140496,-3.05798998741e-15
366,0.0413223140496,1.94923511589e-15
367,0.0413223140496,-5.03150899187e-15
368,0.0413223140496,-3.78857962134e-15
369,0.0413223140496,-5.69287231709e-15
370,0.0413223140496,-5.07729637288e-16
371,0.0413223140496,-6.49252562941e-15
372,0.0413223140496,5.14199367343e-15
373,0.0413223140496,-1.56092362764e-15
374,0.0413223140496,-3.07165093478e-15
375,0.0413223140496,-3.46619210535e-15
376,0.0413223140496,4.50871118448e-15
377,0.0413223140496,5.20758790486e-15
378,0.0413223140496,1.71038537729e-15
379,0.0413223140496,5.26532167055e-15
380,0.0413223140496,-1.65790551197e-15
381,0.0413223140496,-4.8732647566e-17
382,0.0413223140496,-2.71668314351e-15
383,0.0413223140496,-3.30171863578e-15
384,0.0413223140496,-3.01514384081e-16
385,0.0413223140496,-9.94211152082e-16
386,0.0413223140496,-1.94798380322e-15
387,0.0413223140496,5.16102634975e-17
388,0.0413223140496,2.87857916882e-16
389,0.0413223140496,3.80468450377e-15
390,0.0413223140496,-2.01124699998e-15
391,0.0413223140496,9.39951313523e-16
392,0.0413223140496,-7.46066395933e-15
393,0.0413223140496,-3.88033717445e-16
394,0.0413223140496,2.56901928779e-15
395,0.0413223140496,-3.55634351599e-15
396,0.0413223140496,-1.91339775392e-15
397,0.0413223140496,-4.3559426182e-15
398,0.0413223140496,-4.31853764325e-15
399,0.0413223140496,3.80663606768e-15
400,0.0413223140496,-1.09899929205e-15
401,0.0413223140496,1.75369925408e-15
402,0.0413223140496,5.00625156143e-15
403,0.0413223140496,4.89837344527e-15
404,0.0413223140496,3.06872806909e-15
405,0.0413223140496,-4.51775979244e-15
406,0.0413223140496,-2.71451473916e-15
407,0.0413223140496,3.32893659049e-15
408,0.0413223140496,-5.45514082999e-16
409,0.0413223140496,3.32310205954e-16
410,0.0413223140496,-5.30792633575e-15
411,0.0413223140496,-5.44429880826e-16
412,0.0413223140496,4.6603368583e-15
413,0.0413223140496,-6.32615480604e-15
414,0.0413223140496,-5.19771718492e-15
415,0.0413223140496,-6.66131574688e-16
416,0.0413223140496,3.2259373841e-15
417,0.0413223140496,3.82617186757e-16
418,0.0413223140496,-2.5901365892e-16
419,0.0413223140496,2.70053301131e-15
420,0.0413223140496,3.94839550174e-15
421,0.0413223140496,3.44890356087e-15
422,0.0413223140496,6.21752222853e-15
423,0.0413223140496,-1.84366339344e-16
424,0.0413223140496,-3.84667762522e-18
425,0.0413223140496,5.64479243092e-15
426,0.0413223140496,-1.77082516823e-15
427,0.0413223140496,-5.45188822347e-16
428,0.0413223140496,3.18793609795e-15
429,0.0413223140496,-3.997017489e-15
430,0.0413223140496,1.53973195534e-15
431,0.0413223140496,-8.50480486154e-15
432,0.0413223140496,4.46561414812e-15
433,0.0413223140496,2.78927495913e-15
434,0.0413223140496,-3.12764997699e-15
435,0.0413223140496,-1.38051238614e-15
436,0.0413223140496,-5.18936882819e-15
437,0.0413223140496,-9.4265733878e-16
438,0.0413223140496,4.05838781213e-15
439,0.0413223140496,6.95734774171e-16
440,0.0413223140496,-5.76990488145e-15
441,0.0413223140496,6.74444448436e-15
442,0.0413223140496,-1.87881170461e-15
443,0.0413223140496,-2.75674441378e-15
444,0.0413223140496,-7.02587872738e-16
445,0.0413223140496,8.39499982243e-16
446,0.0413223140496,-3.88729622914e-15
447,0.0413223140496,1.57265765206e-16
448,0.0413223140496,3.62752586879e-15
449,0.0413223140496,-5.67709717548e-15
450,0.0413223140496,1.75846974364e-15
451,0.0413223140496,-3.51333473907e-16
452,0.0413223140496,4.27365615348e-15
453,0.0413223140496,-2.2608845502e-15
454,0.0413223140496,-1.20340796126e-15
455,0.0413223140496,9.84510006734e-15
456,0.0413223140496,-5.25225255419e-15
457,0.0413223140496,-5.33286298572e-15
458,0.0413223140496,-3.1691005493e-16
459,0.0413223140496,-1.61377848355e-15
460,0.0413223140496,9.82265708237e-15
461,0.0413223140496,-5.66439184928e-16
462,0.0413223140496,1.97560833374e-15
463,0.0413223140496,6.4624977094e-15
464,0.0413223140496,2.12650217109e-15
465,0.0413223140496,-7.43164139043e-16
466,0.0413223140496,1.4546220848e-15
467,0.0413223140496,-9.08420250252e-15
468,0.0413223140496,-2.58598257162e-15
469,0.0413223140496,-1.28819257115e-15
470,0.0413223140496,4.89761450375e-15
471,0.0413223140496,-4.77292677374e-15
472,0.0413223140496,-5.45131207306e-15
473,0.0413223140496,4.49553812808e-15
474,0.0413223140496,1.89844024411e-15
475,0.0413223140496,3.61505754381e-15
476,0.0413223140496,2.3094612877e-15
477,0.0413223140496,-1.55425578428e-15
478,0.0413223140496,8.68610810574e-16
479,0.0413223140496,4.18480578545e-15
480,0.0413223140496,-1.34663106825e-15
481,0.0413223140496,4.7112401503e-15
482,0.0413223140496,5.17392342741e-15
483,0.0413223140496,3.19124291458e-15
