scheme,K,Rac_mohm,J,sbar,eta_pct,min_um,adjacent_dJ_pct
braid,16,4.22388410723966,1.17752059959971,1.06009790672058,73.3255981635903,150,NaN
braid,32,4.07875901950014,1.13706193481835,1.06009790672058,30.7815005159351,150,3.4359199147017
braid,64,4.04500048494302,1.12765059158089,1.06009790672058,14.1686022542076,150,0.827689587459711
braid,128,4.04146159598072,1.12666401346891,1.06009790672058,12.6413685867777,150,0.0874896993223359
braid,256,4.03972507603573,1.12617990497356,1.06009790672058,11.0546469740425,150,0.0429683108331559
counter_braid,16,7.04414627354931,1.96374406425617,1.06009790672058,228.284839780436,150,NaN
counter_braid,32,6.36283668129589,1.77380898287394,1.06009790672058,248.781401666849,150,9.67208939491651
counter_braid,64,6.11570185758794,1.70491322394453,1.06009790672058,272.054941764241,150,3.88405739257169
counter_braid,128,6.02267864018636,1.67898051916023,1.06009790672058,257.630113735914,150,1.52105716702105
counter_braid,256,6.01454473615,1.67671296732489,1.06009790672058,270.09555723057,150,0.135055279645388
