scheme,alpha_deg,J,Rac_mohm,P_W_m,sbar,eta_pct,center_mA,outer_loss_pct,min_um
straight,NaN,4.24299570014621,14.3572297963845,5.74289191855382,1,342.190047666659,0.767868188879361,79.3872463658974,150
twist,NaN,4.08675689552199,14.0359392794791,5.61437571179165,1.01507010812438,318.893470541555,3.78915287304421,78.7141830893402,150
braid,2,1.00798610945416,3.42148760661053,1.36859504264421,1.00314188427326,6.42678856295198,60.7080691410019,17.9570634717289,150
braid,4,1.00998774680996,3.4317075143328,1.37268300573312,1.0041442386201,6.33135079930268,60.7921080855904,17.9557820387118,150
braid,6,1.0133659552725,3.44894152118862,1.37957660847545,1.00582276528743,6.19775653764525,60.877801385919,17.9549954592718,150
braid,8,1.01815347705991,3.47338943706325,1.3893557748253,1.00818950107959,6.01413462274955,60.963955561835,17.9553013480365,150
braid,10,1.02439285562847,3.50532348820283,1.40212939528113,1.01126156676696,6.01181613118051,61.0369457950973,17.9555996621901,150
braid,15,1.04677221083769,3.62060865044601,1.44824346017841,1.02218932250439,7.51092787566644,61.1993665248174,17.9586963957618,150
braid,20,1.07998701614266,3.79400371399683,1.51760148559873,1.03820031809146,9.50040376311072,61.3263958696383,17.9670486631336,150
braid,25,1.12617990497356,4.03972507603573,1.61589003041429,1.06009790672058,11.0546469740425,61.4074835196434,17.9787714537902,150
braid,30,1.18868088235271,4.38043631958867,1.75217452783547,1.08906558478687,12.1942183706747,61.4589600466097,17.996734805376,150
braid,35,1.27258225571657,4.85220923138915,1.94088369255566,1.12682272867729,12.9844566564161,61.4818898765243,18.0195587913741,150
braid,40,1.3858014169891,5.51394434419147,2.20557773767659,1.17588085803607,13.4385229836862,61.4822744647828,18.0494647650495,150
braid,45,1.54096578195917,6.46554010710528,2.58621604284211,1.23997737492424,13.4904902965222,61.4584163576764,18.0828683329868,150
counter_braid,2,1.00801337525653,3.42158015709712,1.36863206283885,1.00314188427326,8.18718712050891,60.8194381530694,17.922562038258,150
counter_braid,4,1.01106504006442,3.43536791057836,1.37414716423134,1.0041442386201,10.2704856381244,62.642896307772,17.87651190008,150
counter_braid,6,1.0191626643328,3.46867033727947,1.38746813491179,1.00582276528743,20.8538895811287,66.9426392031209,17.9339242503734,150
counter_braid,8,1.03383209680774,3.52687641466224,1.4107505658649,1.00818950107959,33.6328250937263,73.7379218789001,17.9472315822514,150
counter_braid,10,1.05819357564564,3.62098464021432,1.44839385608573,1.01126156676696,50.0427052774786,81.6480174595733,18.3376657606336,150
counter_braid,15,1.17096120426206,4.05015744743083,1.62006297897233,1.02218932250439,118.964126090534,105.785023372434,19.7214674656196,150
counter_braid,20,1.37305679794845,4.8235603883009,1.92942415532036,1.03820031809146,199.779448852026,134.610435216109,21.2309986455057,150
counter_braid,25,1.67671296732489,6.01454473615,2.40581789446,1.06009790672058,270.09555723057,160.965703965692,22.4774742505913,150
counter_braid,30,2.0854202704792,7.68503206372164,3.07401282548866,1.08906558478687,369.394144785442,188.833310985411,23.1471002121959,150
counter_braid,35,2.61294317258012,9.96285067321597,3.98514026928639,1.12682272867729,411.807431279167,214.522862015764,21.5863943358717,150
counter_braid,40,3.30602259648143,13.1542834161941,5.26171336647766,1.17588085803607,444.437425536851,236.552861727632,20.4094005002581,150
counter_braid,45,4.21834386127591,17.6992063937753,7.07968255751013,1.23997737492424,478.820754675708,258.980728399352,19.5130838955396,150
