scheme,alpha_deg,Lambda_mm,J,Rac_mohm,P_W_m,sbar,eta_pct,center_mA,min_um
braid,2,20,1.02980709517827,3.52474375767557,1.40989750307023,1.01151798826826,18.3800436051654,61.9113377528654,150
braid,2,30,1.01332804111892,3.44708915289701,1.3788356611588,1.00532016797765,10.2192714863154,61.0267284576899,150
braid,2,40,1.00798610945416,3.42148760661053,1.36859504264421,1.00314188427326,6.42678856295198,60.7080691410019,150
braid,2,60,1.0044344966307,3.40413404787039,1.36165361914816,1.00158306688395,3.3491955765359,60.4831333919246,150
braid,2,80,1.00326097181247,3.39830275594676,1.3593211023787,1.00103690732578,2.51877204883053,60.4061682450137,150
braid,2,120,1.00244860931914,3.39422717653162,1.35769087061265,1.00064661084697,2.05049228305372,60.3469840450965,150
braid,2,160,1.00216979720922,3.39281977877125,1.3571279115085,1.00050997110945,1.97080959894541,60.3257500971745,150
braid,2,240,1.00197243274907,3.39182066317698,1.35672826527079,1.00041235987077,1.91602491842205,60.3079675217378,150
counter_braid,2,20,1.02950158816284,3.5236980919867,1.40947923679468,1.01151798826826,22.3423984511887,61.7860956855608,150
counter_braid,2,30,1.01327322235195,3.44690267313003,1.37876106925201,1.00532016797765,12.5260392716664,60.9830367845368,150
counter_braid,2,40,1.00801337525653,3.42158015709712,1.36863206283885,1.00314188427326,8.18718712050891,60.8194381530694,150
counter_braid,2,60,1.00450527095223,3.40437390948251,1.361749563793,1.00158306688395,4.58764974743331,60.7932833377884,150
counter_braid,2,80,1.00334250431914,3.39857892750121,1.35943157100049,1.00103690732578,3.77487726067785,60.8338243068959,150
counter_braid,2,120,1.00254287919844,3.39454636834183,1.35781854733673,1.00064661084697,3.22147739933802,60.9915669328361,150
counter_braid,2,160,1.00226397119664,3.3931386023559,1.35725544094236,1.00050997110945,3.18240843818095,61.1191767746879,150
counter_braid,2,240,1.00206837215284,3.39214543184475,1.3568581727379,1.00041235987077,3.27971809553957,61.1810229018761,150
