scheme,alpha_deg,Lambda_mm,J,Rac_mohm,P_W_m,sbar,eta_pct
braid,5,120,1.00628548292336,2.89887896548492,1.15955158619397,1.00250862912224,4.8073221455256
braid,10,120,1.01905357358564,2.95419406635624,1.18167762654249,1.00883757417503,5.06572085171546
braid,15,120,1.04115523574868,3.05078468913516,1.22031387565406,1.01970679834148,5.12010712313148
braid,20,120,1.07394588379003,3.19601592823503,1.27840637129401,1.03563276370763,4.96146177268425
braid,25,120,1.11959613586682,3.40194875483548,1.36077950193419,1.05741537553539,5.24825464302067
braid,30,120,1.18143510842321,3.687683671973,1.4750734687892,1.08623310135523,5.59828941958124
counter_braid,5,120,1.01143899520812,2.91372505897846,1.16549002359138,1.00250862912224,26.7406903589424
counter_braid,10,120,1.07469865479094,3.11550685007986,1.24620274003194,1.00883757417503,97.6624872763019
counter_braid,15,120,1.23733135701073,3.62561838018396,1.45024735207359,1.01970679834148,189.850095152719
counter_braid,20,120,1.50645684649102,4.48314961606142,1.79325984642457,1.03563276370763,284.172460913479
counter_braid,25,120,1.87607711593364,5.70055398019432,2.28022159207773,1.05741537553539,359.441814863999
counter_braid,30,120,2.3628289927431,7.37523866870041,2.95009546748016,1.08623310135523,417.639292933144
braid,5,40,1.01422870367603,2.93175030199859,1.17270012079944,1.00593594068085,10.1259400525802
braid,5,80,1.0074347258989,2.90374219121136,1.16149687648454,1.0030449185105,5.64280797144405
braid,5,120,1.00628548292336,2.89887896548492,1.15955158619397,1.00250862912224,4.8073221455256
braid,5,250,1.00559921479464,2.89594745780911,1.15837898312364,1.00217830373479,4.24625110296957
